"stock_name","quantitative_exposure_factor","full_names","spatial_extent","attribute_score","tally_L","tally_M","tally_H","tally_VH","n_tallies"
"Atlantic Herring","bs","Bottom salinity","Western Atlantic",3.102,56,132,71,301,560
"Atlantic Herring","bs","Bottom salinity","Caribbean Sea",3.361,13,65,56,218,352
"Atlantic Herring","bs","Bottom salinity","U.S. Caribbean",2.238,0,16,5,0,21
"Atlantic Herring","bt","Bottom temperature","Western Atlantic",3.865,0,21,36,522,579
"Atlantic Herring","bt","Bottom temperature","Caribbean Sea",3.853,0,17,18,318,353
"Atlantic Herring","bt","Bottom temperature","U.S. Caribbean",3.571,0,1,7,13,21
"Atlantic Herring","chl","Chlorophyll-a concentration","Western Atlantic",1.366,365,201,2,1,569
"Atlantic Herring","chl","Chlorophyll-a concentration","Caribbean Sea",1.382,220,132,0,1,353
"Atlantic Herring","chl","Chlorophyll-a concentration","U.S. Caribbean",1.048,20,1,0,0,21
"Atlantic Herring","mld","Mixed layer depth","Western Atlantic",1.078,533,45,0,0,578
"Atlantic Herring","mld","Mixed layer depth","Caribbean Sea",1.02,346,7,0,0,353
"Atlantic Herring","mld","Mixed layer depth","U.S. Caribbean",1,21,0,0,0,21
"Atlantic Herring","msstg","Mean sea surface temperature gradient","Western Atlantic",1.538,280,230,5,15,530
"Atlantic Herring","msstg","Mean sea surface temperature gradient","Caribbean Sea",1.49,195,132,2,10,339
"Atlantic Herring","msstg","Mean sea surface temperature gradient","U.S. Caribbean",1.857,3,18,0,0,21
"Atlantic Herring","o200","Oxygen at 200m","Western Atlantic",1.711,227,219,60,9,515
"Atlantic Herring","o200","Oxygen at 200m","Caribbean Sea",1.865,124,148,60,9,341
"Atlantic Herring","o200","Oxygen at 200m","U.S. Caribbean",2.952,0,3,16,2,21
"Atlantic Herring","ph","Surface pH","Western Atlantic",3.981,1,4,0,572,577
"Atlantic Herring","ph","Surface pH","Caribbean Sea",3.992,1,0,0,352,353
"Atlantic Herring","ph","Surface pH","U.S. Caribbean",4,0,0,0,21,21
"Atlantic Herring","pp","Primary production","Western Atlantic",1.175,480,94,2,1,577
"Atlantic Herring","pp","Primary production","Caribbean Sea",1.142,303,50,0,0,353
"Atlantic Herring","pp","Primary production","U.S. Caribbean",1,21,0,0,0,21
"Atlantic Herring","precip","Precipitation","Western Atlantic",1.129,506,75,0,0,581
"Atlantic Herring","precip","Precipitation","Caribbean Sea",1.125,309,44,0,0,353
"Atlantic Herring","precip","Precipitation","U.S. Caribbean",1,21,0,0,0,21
"Atlantic Herring","sso","Sea surface oxygen","Western Atlantic",3.847,4,23,30,520,577
"Atlantic Herring","sso","Sea surface oxygen","Caribbean Sea",3.943,2,6,2,343,353
"Atlantic Herring","sso","Sea surface oxygen","U.S. Caribbean",4,0,0,0,21,21
"Atlantic Herring","sss","Sea surface salinity","Western Atlantic",3.074,84,114,56,325,579
"Atlantic Herring","sss","Sea surface salinity","Caribbean Sea",3.541,4,54,42,253,353
"Atlantic Herring","sss","Sea surface salinity","U.S. Caribbean",3.143,0,4,10,7,21
"Atlantic Herring","sst","Sea surface temperature","Western Atlantic",3.986,0,0,8,573,581
"Atlantic Herring","sst","Sea surface temperature","Caribbean Sea",3.997,0,0,1,352,353
"Atlantic Herring","sst","Sea surface temperature","U.S. Caribbean",4,0,0,0,21,21
"Atlantic Herring","swsm","Surface wind speed magnitude","Western Atlantic",1.169,487,91,2,1,581
"Atlantic Herring","swsm","Surface wind speed magnitude","Caribbean Sea",1.215,279,73,0,1,353
"Atlantic Herring","swsm","Surface wind speed magnitude","U.S. Caribbean",1,21,0,0,0,21
"Ballyhoo","bs","Bottom salinity","Western Atlantic",3.178,45,161,88,369,663
"Ballyhoo","bs","Bottom salinity","Caribbean Sea",3.304,13,100,73,262,448
"Ballyhoo","bs","Bottom salinity","U.S. Caribbean",2.208,0,19,5,0,24
"Ballyhoo","bt","Bottom temperature","Western Atlantic",3.857,0,24,51,615,690
"Ballyhoo","bt","Bottom temperature","Caribbean Sea",3.829,0,22,33,394,449
"Ballyhoo","bt","Bottom temperature","U.S. Caribbean",3.5,0,1,10,13,24
"Ballyhoo","chl","Chlorophyll-a concentration","Western Atlantic",1.313,472,206,2,1,681
"Ballyhoo","chl","Chlorophyll-a concentration","Caribbean Sea",1.332,302,146,0,1,449
"Ballyhoo","chl","Chlorophyll-a concentration","U.S. Caribbean",1.042,23,1,0,0,24
"Ballyhoo","mld","Mixed layer depth","Western Atlantic",1.044,659,30,0,0,689
"Ballyhoo","mld","Mixed layer depth","Caribbean Sea",1.016,442,7,0,0,449
"Ballyhoo","mld","Mixed layer depth","U.S. Caribbean",1,24,0,0,0,24
"Ballyhoo","msstg","Mean sea surface temperature gradient","Western Atlantic",1.474,372,252,4,15,643
"Ballyhoo","msstg","Mean sea surface temperature gradient","Caribbean Sea",1.444,264,159,2,10,435
"Ballyhoo","msstg","Mean sea surface temperature gradient","U.S. Caribbean",1.792,5,19,0,0,24
"Ballyhoo","o200","Oxygen at 200m","Western Atlantic",1.691,278,274,66,9,627
"Ballyhoo","o200","Oxygen at 200m","Caribbean Sea",1.824,161,201,66,9,437
"Ballyhoo","o200","Oxygen at 200m","U.S. Caribbean",2.917,0,4,18,2,24
"Ballyhoo","ph","Surface pH","Western Atlantic",3.984,1,4,0,684,689
"Ballyhoo","ph","Surface pH","Caribbean Sea",3.993,1,0,0,448,449
"Ballyhoo","ph","Surface pH","U.S. Caribbean",4,0,0,0,24,24
"Ballyhoo","pp","Primary production","Western Atlantic",1.141,596,90,2,1,689
"Ballyhoo","pp","Primary production","Caribbean Sea",1.111,399,50,0,0,449
"Ballyhoo","pp","Primary production","U.S. Caribbean",1,24,0,0,0,24
"Ballyhoo","precip","Precipitation","Western Atlantic",1.122,607,84,0,0,691
"Ballyhoo","precip","Precipitation","Caribbean Sea",1.118,396,53,0,0,449
"Ballyhoo","precip","Precipitation","U.S. Caribbean",1,24,0,0,0,24
"Ballyhoo","sso","Sea surface oxygen","Western Atlantic",3.891,4,20,23,642,689
"Ballyhoo","sso","Sea surface oxygen","Caribbean Sea",3.955,2,6,2,439,449
"Ballyhoo","sso","Sea surface oxygen","U.S. Caribbean",4,0,0,0,24,24
"Ballyhoo","sss","Sea surface salinity","Western Atlantic",3.245,65,126,73,425,689
"Ballyhoo","sss","Sea surface salinity","Caribbean Sea",3.539,4,68,59,318,449
"Ballyhoo","sss","Sea surface salinity","U.S. Caribbean",3.125,0,4,13,7,24
"Ballyhoo","sst","Sea surface temperature","Western Atlantic",3.996,0,0,3,688,691
"Ballyhoo","sst","Sea surface temperature","Caribbean Sea",3.998,0,0,1,448,449
"Ballyhoo","sst","Sea surface temperature","U.S. Caribbean",4,0,0,0,24,24
"Ballyhoo","swsm","Surface wind speed magnitude","Western Atlantic",1.142,595,95,0,1,691
"Ballyhoo","swsm","Surface wind speed magnitude","Caribbean Sea",1.183,369,79,0,1,449
"Ballyhoo","swsm","Surface wind speed magnitude","U.S. Caribbean",1,24,0,0,0,24
"Blue Runner","bs","Bottom salinity","Western Atlantic",3.035,70,135,71,295,571
"Blue Runner","bs","Bottom salinity","Caribbean Sea",3.361,13,65,56,218,352
"Blue Runner","bs","Bottom salinity","U.S. Caribbean",2.238,0,16,5,0,21
"Blue Runner","bt","Bottom temperature","Western Atlantic",3.847,0,23,44,523,590
"Blue Runner","bt","Bottom temperature","Caribbean Sea",3.853,0,17,18,318,353
"Blue Runner","bt","Bottom temperature","U.S. Caribbean",3.571,0,1,7,13,21
"Blue Runner","chl","Chlorophyll-a concentration","Western Atlantic",1.386,362,210,5,1,578
"Blue Runner","chl","Chlorophyll-a concentration","Caribbean Sea",1.382,220,132,0,1,353
"Blue Runner","chl","Chlorophyll-a concentration","U.S. Caribbean",1.048,20,1,0,0,21
"Blue Runner","mld","Mixed layer depth","Western Atlantic",1.095,533,56,0,0,589
"Blue Runner","mld","Mixed layer depth","Caribbean Sea",1.02,346,7,0,0,353
"Blue Runner","mld","Mixed layer depth","U.S. Caribbean",1,21,0,0,0,21
"Blue Runner","msstg","Mean sea surface temperature gradient","Western Atlantic",1.566,278,234,5,20,537
"Blue Runner","msstg","Mean sea surface temperature gradient","Caribbean Sea",1.49,195,132,2,10,339
"Blue Runner","msstg","Mean sea surface temperature gradient","U.S. Caribbean",1.857,3,18,0,0,21
"Blue Runner","o200","Oxygen at 200m","Western Atlantic",1.718,229,220,64,9,522
"Blue Runner","o200","Oxygen at 200m","Caribbean Sea",1.865,124,148,60,9,341
"Blue Runner","o200","Oxygen at 200m","U.S. Caribbean",2.952,0,3,16,2,21
"Blue Runner","ph","Surface pH","Western Atlantic",3.981,1,4,0,583,588
"Blue Runner","ph","Surface pH","Caribbean Sea",3.992,1,0,0,352,353
"Blue Runner","ph","Surface pH","U.S. Caribbean",4,0,0,0,21,21
"Blue Runner","pp","Primary production","Western Atlantic",1.182,486,98,3,1,588
"Blue Runner","pp","Primary production","Caribbean Sea",1.142,303,50,0,0,353
"Blue Runner","pp","Primary production","U.S. Caribbean",1,21,0,0,0,21
"Blue Runner","precip","Precipitation","Western Atlantic",1.132,514,78,0,0,592
"Blue Runner","precip","Precipitation","Caribbean Sea",1.125,309,44,0,0,353
"Blue Runner","precip","Precipitation","U.S. Caribbean",1,21,0,0,0,21
"Blue Runner","sso","Sea surface oxygen","Western Atlantic",3.833,4,26,34,524,588
"Blue Runner","sso","Sea surface oxygen","Caribbean Sea",3.943,2,6,2,343,353
"Blue Runner","sso","Sea surface oxygen","U.S. Caribbean",4,0,0,0,21,21
"Blue Runner","sss","Sea surface salinity","Western Atlantic",3.012,93,124,56,317,590
"Blue Runner","sss","Sea surface salinity","Caribbean Sea",3.541,4,54,42,253,353
"Blue Runner","sss","Sea surface salinity","U.S. Caribbean",3.143,0,4,10,7,21
"Blue Runner","sst","Sea surface temperature","Western Atlantic",3.978,0,0,13,579,592
"Blue Runner","sst","Sea surface temperature","Caribbean Sea",3.997,0,0,1,352,353
"Blue Runner","sst","Sea surface temperature","U.S. Caribbean",4,0,0,0,21,21
"Blue Runner","swsm","Surface wind speed magnitude","Western Atlantic",1.166,498,91,2,1,592
"Blue Runner","swsm","Surface wind speed magnitude","Caribbean Sea",1.215,279,73,0,1,353
"Blue Runner","swsm","Surface wind speed magnitude","U.S. Caribbean",1,21,0,0,0,21
"Diadema","bs","Bottom salinity","Western Atlantic",3.149,36,117,69,261,483
"Diadema","bs","Bottom salinity","Caribbean Sea",3.359,13,66,56,219,354
"Diadema","bs","Bottom salinity","U.S. Caribbean",2.238,0,16,5,0,21
"Diadema","bt","Bottom temperature","Western Atlantic",3.866,0,20,27,454,501
"Diadema","bt","Bottom temperature","Caribbean Sea",3.854,0,17,18,320,355
"Diadema","bt","Bottom temperature","U.S. Caribbean",3.571,0,1,7,13,21
"Diadema","chl","Chlorophyll-a concentration","Western Atlantic",1.399,299,189,2,1,491
"Diadema","chl","Chlorophyll-a concentration","Caribbean Sea",1.382,220,132,0,1,353
"Diadema","chl","Chlorophyll-a concentration","U.S. Caribbean",1.048,20,1,0,0,21
"Diadema","mld","Mixed layer depth","Western Atlantic",1.04,480,20,0,0,500
"Diadema","mld","Mixed layer depth","Caribbean Sea",1.025,346,9,0,0,355
"Diadema","mld","Mixed layer depth","U.S. Caribbean",1,21,0,0,0,21
"Diadema","msstg","Mean sea surface temperature gradient","Western Atlantic",1.491,263,178,4,13,458
"Diadema","msstg","Mean sea surface temperature gradient","Caribbean Sea",1.49,195,132,2,10,339
"Diadema","msstg","Mean sea surface temperature gradient","U.S. Caribbean",1.857,3,18,0,0,21
"Diadema","o200","Oxygen at 200m","Western Atlantic",1.739,195,184,60,9,448
"Diadema","o200","Oxygen at 200m","Caribbean Sea",1.865,124,148,60,9,341
"Diadema","o200","Oxygen at 200m","U.S. Caribbean",2.952,0,3,16,2,21
"Diadema","ph","Surface pH","Western Atlantic",3.978,1,4,0,494,499
"Diadema","ph","Surface pH","Caribbean Sea",3.992,1,0,0,354,355
"Diadema","ph","Surface pH","U.S. Caribbean",4,0,0,0,21,21
"Diadema","pp","Primary production","Western Atlantic",1.176,412,86,1,0,499
"Diadema","pp","Primary production","Caribbean Sea",1.146,303,52,0,0,355
"Diadema","pp","Primary production","U.S. Caribbean",1,21,0,0,0,21
"Diadema","precip","Precipitation","Western Atlantic",1.149,428,75,0,0,503
"Diadema","precip","Precipitation","Caribbean Sea",1.124,311,44,0,0,355
"Diadema","precip","Precipitation","U.S. Caribbean",1,21,0,0,0,21
"Diadema","sso","Sea surface oxygen","Western Atlantic",3.874,4,19,13,463,499
"Diadema","sso","Sea surface oxygen","Caribbean Sea",3.944,2,6,2,345,355
"Diadema","sso","Sea surface oxygen","U.S. Caribbean",4,0,0,0,21,21
"Diadema","sss","Sea surface salinity","Western Atlantic",3.146,56,103,54,288,501
"Diadema","sss","Sea surface salinity","Caribbean Sea",3.535,4,55,43,253,355
"Diadema","sss","Sea surface salinity","U.S. Caribbean",3.143,0,4,10,7,21
"Diadema","sst","Sea surface temperature","Western Atlantic",3.998,0,0,1,502,503
"Diadema","sst","Sea surface temperature","Caribbean Sea",3.997,0,0,1,354,355
"Diadema","sst","Sea surface temperature","U.S. Caribbean",4,0,0,0,21,21
"Diadema","swsm","Surface wind speed magnitude","Western Atlantic",1.179,415,87,0,1,503
"Diadema","swsm","Surface wind speed magnitude","Caribbean Sea",1.214,281,73,0,1,355
"Diadema","swsm","Surface wind speed magnitude","U.S. Caribbean",1,21,0,0,0,21
"Dolphinfish","bs","Bottom salinity","Western Atlantic",3.178,173,329,144,961,1607
"Dolphinfish","bs","Bottom salinity","Caribbean Sea",3.213,51,124,91,359,625
"Dolphinfish","bs","Bottom salinity","U.S. Caribbean",2.208,0,19,5,0,24
"Dolphinfish","bt","Bottom temperature","Western Atlantic",3.428,30,451,177,1387,2045
"Dolphinfish","bt","Bottom temperature","Caribbean Sea",3.617,0,100,59,517,676
"Dolphinfish","bt","Bottom temperature","U.S. Caribbean",3.5,0,1,10,13,24
"Dolphinfish","chl","Chlorophyll-a concentration","Western Atlantic",1.388,1251,774,6,1,2032
"Dolphinfish","chl","Chlorophyll-a concentration","Caribbean Sea",1.418,395,277,1,1,674
"Dolphinfish","chl","Chlorophyll-a concentration","U.S. Caribbean",1.042,23,1,0,0,24
"Dolphinfish","mld","Mixed layer depth","Western Atlantic",1.237,1560,484,0,0,2044
"Dolphinfish","mld","Mixed layer depth","Caribbean Sea",1.013,667,9,0,0,676
"Dolphinfish","mld","Mixed layer depth","U.S. Caribbean",1,24,0,0,0,24
"Dolphinfish","msstg","Mean sea surface temperature gradient","Western Atlantic",1.465,1100,858,4,18,1980
"Dolphinfish","msstg","Mean sea surface temperature gradient","Caribbean Sea",1.455,382,257,2,12,653
"Dolphinfish","msstg","Mean sea surface temperature gradient","U.S. Caribbean",1.792,5,19,0,0,24
"Dolphinfish","o200","Oxygen at 200m","Western Atlantic",2.028,721,757,233,272,1983
"Dolphinfish","o200","Oxygen at 200m","Caribbean Sea",2.125,231,227,94,110,662
"Dolphinfish","o200","Oxygen at 200m","U.S. Caribbean",2.917,0,4,18,2,24
"Dolphinfish","ph","Surface pH","Western Atlantic",3.995,1,4,0,2038,2043
"Dolphinfish","ph","Surface pH","Caribbean Sea",3.996,1,0,0,675,676
"Dolphinfish","ph","Surface pH","U.S. Caribbean",4,0,0,0,24,24
"Dolphinfish","pp","Primary production","Western Atlantic",1.123,1794,247,1,1,2043
"Dolphinfish","pp","Primary production","Caribbean Sea",1.102,607,69,0,0,676
"Dolphinfish","pp","Primary production","U.S. Caribbean",1,24,0,0,0,24
"Dolphinfish","precip","Precipitation","Western Atlantic",1.16,1719,328,0,0,2047
"Dolphinfish","precip","Precipitation","Caribbean Sea",1.089,616,60,0,0,676
"Dolphinfish","precip","Precipitation","U.S. Caribbean",1,24,0,0,0,24
"Dolphinfish","sso","Sea surface oxygen","Western Atlantic",3.717,8,127,301,1607,2043
"Dolphinfish","sso","Sea surface oxygen","Caribbean Sea",3.864,4,17,46,609,676
"Dolphinfish","sso","Sea surface oxygen","U.S. Caribbean",4,0,0,0,24,24
"Dolphinfish","sss","Sea surface salinity","Western Atlantic",2.898,362,451,266,966,2045
"Dolphinfish","sss","Sea surface salinity","Caribbean Sea",3.241,68,106,97,405,676
"Dolphinfish","sss","Sea surface salinity","U.S. Caribbean",3.125,0,4,13,7,24
"Dolphinfish","sst","Sea surface temperature","Western Atlantic",3.86,0,23,240,1784,2047
"Dolphinfish","sst","Sea surface temperature","Caribbean Sea",3.994,0,0,4,672,676
"Dolphinfish","sst","Sea surface temperature","U.S. Caribbean",4,0,0,0,24,24
"Dolphinfish","swsm","Surface wind speed magnitude","Western Atlantic",1.193,1657,387,0,3,2047
"Dolphinfish","swsm","Surface wind speed magnitude","Caribbean Sea",1.157,572,103,0,1,676
"Dolphinfish","swsm","Surface wind speed magnitude","U.S. Caribbean",1,24,0,0,0,24
"Gray Angelfish","bs","Bottom salinity","Western Atlantic",3.18,36,116,69,278,499
"Gray Angelfish","bs","Bottom salinity","Caribbean Sea",3.361,13,65,56,218,352
"Gray Angelfish","bs","Bottom salinity","U.S. Caribbean",2.238,0,16,5,0,21
"Gray Angelfish","bt","Bottom temperature","Western Atlantic",3.87,0,20,27,470,517
"Gray Angelfish","bt","Bottom temperature","Caribbean Sea",3.853,0,17,18,318,353
"Gray Angelfish","bt","Bottom temperature","U.S. Caribbean",3.571,0,1,7,13,21
"Gray Angelfish","chl","Chlorophyll-a concentration","Western Atlantic",1.385,317,189,2,1,509
"Gray Angelfish","chl","Chlorophyll-a concentration","Caribbean Sea",1.382,220,132,0,1,353
"Gray Angelfish","chl","Chlorophyll-a concentration","U.S. Caribbean",1.048,20,1,0,0,21
"Gray Angelfish","mld","Mixed layer depth","Western Atlantic",1.045,493,23,0,0,516
"Gray Angelfish","mld","Mixed layer depth","Caribbean Sea",1.02,346,7,0,0,353
"Gray Angelfish","mld","Mixed layer depth","U.S. Caribbean",1,21,0,0,0,21
"Gray Angelfish","msstg","Mean sea surface temperature gradient","Western Atlantic",1.496,272,186,4,14,476
"Gray Angelfish","msstg","Mean sea surface temperature gradient","Caribbean Sea",1.49,195,132,2,10,339
"Gray Angelfish","msstg","Mean sea surface temperature gradient","U.S. Caribbean",1.857,3,18,0,0,21
"Gray Angelfish","o200","Oxygen at 200m","Western Atlantic",1.738,200,196,60,9,465
"Gray Angelfish","o200","Oxygen at 200m","Caribbean Sea",1.865,124,148,60,9,341
"Gray Angelfish","o200","Oxygen at 200m","U.S. Caribbean",2.952,0,3,16,2,21
"Gray Angelfish","ph","Surface pH","Western Atlantic",3.979,1,4,0,510,515
"Gray Angelfish","ph","Surface pH","Caribbean Sea",3.992,1,0,0,352,353
"Gray Angelfish","ph","Surface pH","U.S. Caribbean",4,0,0,0,21,21
"Gray Angelfish","pp","Primary production","Western Atlantic",1.177,425,89,1,0,515
"Gray Angelfish","pp","Primary production","Caribbean Sea",1.142,303,50,0,0,353
"Gray Angelfish","pp","Primary production","U.S. Caribbean",1,21,0,0,0,21
"Gray Angelfish","precip","Precipitation","Western Atlantic",1.145,444,75,0,0,519
"Gray Angelfish","precip","Precipitation","Caribbean Sea",1.125,309,44,0,0,353
"Gray Angelfish","precip","Precipitation","U.S. Caribbean",1,21,0,0,0,21
"Gray Angelfish","sso","Sea surface oxygen","Western Atlantic",3.878,4,19,13,479,515
"Gray Angelfish","sso","Sea surface oxygen","Caribbean Sea",3.943,2,6,2,343,353
"Gray Angelfish","sso","Sea surface oxygen","U.S. Caribbean",4,0,0,0,21,21
"Gray Angelfish","sss","Sea surface salinity","Western Atlantic",3.178,56,102,53,306,517
"Gray Angelfish","sss","Sea surface salinity","Caribbean Sea",3.541,4,54,42,253,353
"Gray Angelfish","sss","Sea surface salinity","U.S. Caribbean",3.143,0,4,10,7,21
"Gray Angelfish","sst","Sea surface temperature","Western Atlantic",3.998,0,0,1,518,519
"Gray Angelfish","sst","Sea surface temperature","Caribbean Sea",3.997,0,0,1,352,353
"Gray Angelfish","sst","Sea surface temperature","U.S. Caribbean",4,0,0,0,21,21
"Gray Angelfish","swsm","Surface wind speed magnitude","Western Atlantic",1.173,431,87,0,1,519
"Gray Angelfish","swsm","Surface wind speed magnitude","Caribbean Sea",1.215,279,73,0,1,353
"Gray Angelfish","swsm","Surface wind speed magnitude","U.S. Caribbean",1,21,0,0,0,21
"Hogfish","bs","Bottom salinity","Western Atlantic",3.221,29,114,69,281,493
"Hogfish","bs","Bottom salinity","Caribbean Sea",3.363,13,65,56,219,353
"Hogfish","bs","Bottom salinity","U.S. Caribbean",2.238,0,16,5,0,21
"Hogfish","bt","Bottom temperature","Western Atlantic",3.866,0,20,28,458,506
"Hogfish","bt","Bottom temperature","Caribbean Sea",3.85,0,17,19,318,354
"Hogfish","bt","Bottom temperature","U.S. Caribbean",3.571,0,1,7,13,21
"Hogfish","chl","Chlorophyll-a concentration","Western Atlantic",1.367,319,176,2,1,498
"Hogfish","chl","Chlorophyll-a concentration","Caribbean Sea",1.384,220,133,0,1,354
"Hogfish","chl","Chlorophyll-a concentration","U.S. Caribbean",1.048,20,1,0,0,21
"Hogfish","mld","Mixed layer depth","Western Atlantic",1.038,486,19,0,0,505
"Hogfish","mld","Mixed layer depth","Caribbean Sea",1.023,346,8,0,0,354
"Hogfish","mld","Mixed layer depth","U.S. Caribbean",1,21,0,0,0,21
"Hogfish","msstg","Mean sea surface temperature gradient","Western Atlantic",1.503,263,184,4,14,465
"Hogfish","msstg","Mean sea surface temperature gradient","Caribbean Sea",1.49,195,132,2,10,339
"Hogfish","msstg","Mean sea surface temperature gradient","U.S. Caribbean",1.857,3,18,0,0,21
"Hogfish","o200","Oxygen at 200m","Western Atlantic",1.758,188,197,60,9,454
"Hogfish","o200","Oxygen at 200m","Caribbean Sea",1.865,124,148,60,9,341
"Hogfish","o200","Oxygen at 200m","U.S. Caribbean",2.952,0,3,16,2,21
"Hogfish","ph","Surface pH","Western Atlantic",3.978,1,4,0,499,504
"Hogfish","ph","Surface pH","Caribbean Sea",3.992,1,0,0,353,354
"Hogfish","ph","Surface pH","U.S. Caribbean",4,0,0,0,21,21
"Hogfish","pp","Primary production","Western Atlantic",1.173,418,85,1,0,504
"Hogfish","pp","Primary production","Caribbean Sea",1.141,304,50,0,0,354
"Hogfish","pp","Primary production","U.S. Caribbean",1,21,0,0,0,21
"Hogfish","precip","Precipitation","Western Atlantic",1.15,431,76,0,0,507
"Hogfish","precip","Precipitation","Caribbean Sea",1.127,309,45,0,0,354
"Hogfish","precip","Precipitation","U.S. Caribbean",1,21,0,0,0,21
"Hogfish","sso","Sea surface oxygen","Western Atlantic",3.871,4,20,13,467,504
"Hogfish","sso","Sea surface oxygen","Caribbean Sea",3.938,2,7,2,343,354
"Hogfish","sso","Sea surface oxygen","U.S. Caribbean",4,0,0,0,21,21
"Hogfish","sss","Sea surface salinity","Western Atlantic",3.239,42,103,53,308,506
"Hogfish","sss","Sea surface salinity","Caribbean Sea",3.537,4,55,42,253,354
"Hogfish","sss","Sea surface salinity","U.S. Caribbean",3.143,0,4,10,7,21
"Hogfish","sst","Sea surface temperature","Western Atlantic",3.998,0,0,1,506,507
"Hogfish","sst","Sea surface temperature","Caribbean Sea",3.997,0,0,1,353,354
"Hogfish","sst","Sea surface temperature","U.S. Caribbean",4,0,0,0,21,21
"Hogfish","swsm","Surface wind speed magnitude","Western Atlantic",1.178,419,87,0,1,507
"Hogfish","swsm","Surface wind speed magnitude","Caribbean Sea",1.215,280,73,0,1,354
"Hogfish","swsm","Surface wind speed magnitude","U.S. Caribbean",1,21,0,0,0,21
"King Mackerel","bs","Bottom salinity","Western Atlantic",3.136,40,137,64,289,530
"King Mackerel","bs","Bottom salinity","Caribbean Sea",3.211,15,84,56,186,341
"King Mackerel","bs","Bottom salinity","U.S. Caribbean",2.208,0,19,5,0,24
"King Mackerel","bt","Bottom temperature","Western Atlantic",3.828,0,24,47,482,553
"King Mackerel","bt","Bottom temperature","Caribbean Sea",3.786,0,24,25,292,341
"King Mackerel","bt","Bottom temperature","U.S. Caribbean",3.5,0,1,10,13,24
"King Mackerel","chl","Chlorophyll-a concentration","Western Atlantic",1.287,390,157,0,0,547
"King Mackerel","chl","Chlorophyll-a concentration","Caribbean Sea",1.301,237,102,0,0,339
"King Mackerel","chl","Chlorophyll-a concentration","U.S. Caribbean",1.042,23,1,0,0,24
"King Mackerel","mld","Mixed layer depth","Western Atlantic",1.058,521,32,0,0,553
"King Mackerel","mld","Mixed layer depth","Caribbean Sea",1.023,333,8,0,0,341
"King Mackerel","mld","Mixed layer depth","U.S. Caribbean",1,24,0,0,0,24
"King Mackerel","msstg","Mean sea surface temperature gradient","Western Atlantic",1.531,269,237,3,11,520
"King Mackerel","msstg","Mean sea surface temperature gradient","Caribbean Sea",1.505,178,145,2,6,331
"King Mackerel","msstg","Mean sea surface temperature gradient","U.S. Caribbean",1.792,5,19,0,0,24
"King Mackerel","o200","Oxygen at 200m","Western Atlantic",1.824,204,210,67,24,505
"King Mackerel","o200","Oxygen at 200m","Caribbean Sea",2.07,92,147,67,24,330
"King Mackerel","o200","Oxygen at 200m","U.S. Caribbean",2.917,0,4,18,2,24
"King Mackerel","ph","Surface pH","Western Atlantic",4,0,0,0,553,553
"King Mackerel","ph","Surface pH","Caribbean Sea",4,0,0,0,341,341
"King Mackerel","ph","Surface pH","U.S. Caribbean",4,0,0,0,24,24
"King Mackerel","pp","Primary production","Western Atlantic",1.159,468,83,1,1,553
"King Mackerel","pp","Primary production","Caribbean Sea",1.15,290,51,0,0,341
"King Mackerel","pp","Primary production","U.S. Caribbean",1,24,0,0,0,24
"King Mackerel","precip","Precipitation","Western Atlantic",1.152,470,84,0,0,554
"King Mackerel","precip","Precipitation","Caribbean Sea",1.152,289,52,0,0,341
"King Mackerel","precip","Precipitation","U.S. Caribbean",1,24,0,0,0,24
"King Mackerel","sso","Sea surface oxygen","Western Atlantic",3.922,0,10,23,520,553
"King Mackerel","sso","Sea surface oxygen","Caribbean Sea",3.979,0,3,1,337,341
"King Mackerel","sso","Sea surface oxygen","U.S. Caribbean",4,0,0,0,24,24
"King Mackerel","sss","Sea surface salinity","Western Atlantic",3.181,49,132,42,330,553
"King Mackerel","sss","Sea surface salinity","Caribbean Sea",3.487,0,69,37,235,341
"King Mackerel","sss","Sea surface salinity","U.S. Caribbean",3.125,0,4,13,7,24
"King Mackerel","sst","Sea surface temperature","Western Atlantic",3.993,0,0,4,550,554
"King Mackerel","sst","Sea surface temperature","Caribbean Sea",4,0,0,0,341,341
"King Mackerel","sst","Sea surface temperature","U.S. Caribbean",4,0,0,0,24,24
"King Mackerel","swsm","Surface wind speed magnitude","Western Atlantic",1.121,489,64,0,1,554
"King Mackerel","swsm","Surface wind speed magnitude","Caribbean Sea",1.161,288,52,0,1,341
"King Mackerel","swsm","Surface wind speed magnitude","U.S. Caribbean",1,24,0,0,0,24
"Lane Snapper","bs","Bottom salinity","Western Atlantic",3.187,36,116,69,282,503
"Lane Snapper","bs","Bottom salinity","Caribbean Sea",3.361,13,65,56,218,352
"Lane Snapper","bs","Bottom salinity","U.S. Caribbean",2.238,0,16,5,0,21
"Lane Snapper","bt","Bottom temperature","Western Atlantic",3.871,0,20,27,474,521
"Lane Snapper","bt","Bottom temperature","Caribbean Sea",3.853,0,17,18,318,353
"Lane Snapper","bt","Bottom temperature","U.S. Caribbean",3.571,0,1,7,13,21
"Lane Snapper","chl","Chlorophyll-a concentration","Western Atlantic",1.382,321,189,2,1,513
"Lane Snapper","chl","Chlorophyll-a concentration","Caribbean Sea",1.382,220,132,0,1,353
"Lane Snapper","chl","Chlorophyll-a concentration","U.S. Caribbean",1.048,20,1,0,0,21
"Lane Snapper","mld","Mixed layer depth","Western Atlantic",1.046,496,24,0,0,520
"Lane Snapper","mld","Mixed layer depth","Caribbean Sea",1.02,346,7,0,0,353
"Lane Snapper","mld","Mixed layer depth","U.S. Caribbean",1,21,0,0,0,21
"Lane Snapper","msstg","Mean sea surface temperature gradient","Western Atlantic",1.5,272,190,4,14,480
"Lane Snapper","msstg","Mean sea surface temperature gradient","Caribbean Sea",1.49,195,132,2,10,339
"Lane Snapper","msstg","Mean sea surface temperature gradient","U.S. Caribbean",1.857,3,18,0,0,21
"Lane Snapper","o200","Oxygen at 200m","Western Atlantic",1.733,203,197,60,9,469
"Lane Snapper","o200","Oxygen at 200m","Caribbean Sea",1.865,124,148,60,9,341
"Lane Snapper","o200","Oxygen at 200m","U.S. Caribbean",2.952,0,3,16,2,21
"Lane Snapper","ph","Surface pH","Western Atlantic",3.979,1,4,0,514,519
"Lane Snapper","ph","Surface pH","Caribbean Sea",3.992,1,0,0,352,353
"Lane Snapper","ph","Surface pH","U.S. Caribbean",4,0,0,0,21,21
"Lane Snapper","pp","Primary production","Western Atlantic",1.175,429,89,1,0,519
"Lane Snapper","pp","Primary production","Caribbean Sea",1.142,303,50,0,0,353
"Lane Snapper","pp","Primary production","U.S. Caribbean",1,21,0,0,0,21
"Lane Snapper","precip","Precipitation","Western Atlantic",1.143,448,75,0,0,523
"Lane Snapper","precip","Precipitation","Caribbean Sea",1.125,309,44,0,0,353
"Lane Snapper","precip","Precipitation","U.S. Caribbean",1,21,0,0,0,21
"Lane Snapper","sso","Sea surface oxygen","Western Atlantic",3.879,4,19,13,483,519
"Lane Snapper","sso","Sea surface oxygen","Caribbean Sea",3.943,2,6,2,343,353
"Lane Snapper","sso","Sea surface oxygen","U.S. Caribbean",4,0,0,0,21,21
"Lane Snapper","sss","Sea surface salinity","Western Atlantic",3.184,56,102,53,310,521
"Lane Snapper","sss","Sea surface salinity","Caribbean Sea",3.541,4,54,42,253,353
"Lane Snapper","sss","Sea surface salinity","U.S. Caribbean",3.143,0,4,10,7,21
"Lane Snapper","sst","Sea surface temperature","Western Atlantic",3.998,0,0,1,522,523
"Lane Snapper","sst","Sea surface temperature","Caribbean Sea",3.997,0,0,1,352,353
"Lane Snapper","sst","Sea surface temperature","U.S. Caribbean",4,0,0,0,21,21
"Lane Snapper","swsm","Surface wind speed magnitude","Western Atlantic",1.172,435,87,0,1,523
"Lane Snapper","swsm","Surface wind speed magnitude","Caribbean Sea",1.215,279,73,0,1,353
"Lane Snapper","swsm","Surface wind speed magnitude","U.S. Caribbean",1,21,0,0,0,21
"Misty Grouper","bs","Bottom salinity","Western Atlantic",3.261,27,59,44,199,329
"Misty Grouper","bs","Bottom salinity","Caribbean Sea",3.493,0,38,37,148,223
"Misty Grouper","bs","Bottom salinity","U.S. Caribbean",2.25,0,15,5,0,20
"Misty Grouper","bt","Bottom temperature","Western Atlantic",3.708,0,47,18,319,384
"Misty Grouper","bt","Bottom temperature","Caribbean Sea",3.951,0,2,7,216,225
"Misty Grouper","bt","Bottom temperature","U.S. Caribbean",3.65,0,0,7,13,20
"Misty Grouper","chl","Chlorophyll-a concentration","Western Atlantic",1.369,243,133,2,1,379
"Misty Grouper","chl","Chlorophyll-a concentration","Caribbean Sea",1.356,147,77,0,1,225
"Misty Grouper","chl","Chlorophyll-a concentration","U.S. Caribbean",1.05,19,1,0,0,20
"Misty Grouper","mld","Mixed layer depth","Western Atlantic",1.097,346,37,0,0,383
"Misty Grouper","mld","Mixed layer depth","Caribbean Sea",1,225,0,0,0,225
"Misty Grouper","mld","Mixed layer depth","U.S. Caribbean",1,20,0,0,0,20
"Misty Grouper","msstg","Mean sea surface temperature gradient","Western Atlantic",1.493,203,146,4,8,361
"Misty Grouper","msstg","Mean sea surface temperature gradient","Caribbean Sea",1.466,127,86,2,4,219
"Misty Grouper","msstg","Mean sea surface temperature gradient","U.S. Caribbean",1.85,3,17,0,0,20
"Misty Grouper","o200","Oxygen at 200m","Western Atlantic",1.812,134,155,56,6,351
"Misty Grouper","o200","Oxygen at 200m","Caribbean Sea",2.124,41,115,56,6,218
"Misty Grouper","o200","Oxygen at 200m","U.S. Caribbean",3,0,2,16,2,20
"Misty Grouper","ph","Surface pH","Western Atlantic",3.979,0,4,0,378,382
"Misty Grouper","ph","Surface pH","Caribbean Sea",4,0,0,0,225,225
"Misty Grouper","ph","Surface pH","U.S. Caribbean",4,0,0,0,20,20
"Misty Grouper","pp","Primary production","Western Atlantic",1.16,322,59,1,0,382
"Misty Grouper","pp","Primary production","Caribbean Sea",1.124,197,28,0,0,225
"Misty Grouper","pp","Primary production","U.S. Caribbean",1,20,0,0,0,20
"Misty Grouper","precip","Precipitation","Western Atlantic",1.205,307,79,0,0,386
"Misty Grouper","precip","Precipitation","Caribbean Sea",1.044,215,10,0,0,225
"Misty Grouper","precip","Precipitation","U.S. Caribbean",1,20,0,0,0,20
"Misty Grouper","sso","Sea surface oxygen","Western Atlantic",3.751,2,27,35,318,382
"Misty Grouper","sso","Sea surface oxygen","Caribbean Sea",3.973,0,2,2,221,225
"Misty Grouper","sso","Sea surface oxygen","U.S. Caribbean",4,0,0,0,20,20
"Misty Grouper","sss","Sea surface salinity","Western Atlantic",3.102,76,49,19,240,384
"Misty Grouper","sss","Sea surface salinity","Caribbean Sea",3.796,2,11,18,194,225
"Misty Grouper","sss","Sea surface salinity","U.S. Caribbean",3.2,0,3,10,7,20
"Misty Grouper","sst","Sea surface temperature","Western Atlantic",3.886,0,1,42,343,386
"Misty Grouper","sst","Sea surface temperature","Caribbean Sea",3.996,0,0,1,224,225
"Misty Grouper","sst","Sea surface temperature","U.S. Caribbean",4,0,0,0,20,20
"Misty Grouper","swsm","Surface wind speed magnitude","Western Atlantic",1.215,305,80,0,1,386
"Misty Grouper","swsm","Surface wind speed magnitude","Caribbean Sea",1.293,161,63,0,1,225
"Misty Grouper","swsm","Surface wind speed magnitude","U.S. Caribbean",1,20,0,0,0,20
"Mutton Snapper","bs","Bottom salinity","Western Atlantic",3.233,36,96,66,279,477
"Mutton Snapper","bs","Bottom salinity","Caribbean Sea",3.353,13,65,56,214,348
"Mutton Snapper","bs","Bottom salinity","U.S. Caribbean",2.238,0,16,5,0,21
"Mutton Snapper","bt","Bottom temperature","Western Atlantic",3.867,0,20,26,449,495
"Mutton Snapper","bt","Bottom temperature","Caribbean Sea",3.851,0,17,18,314,349
"Mutton Snapper","bt","Bottom temperature","U.S. Caribbean",3.571,0,1,7,13,21
"Mutton Snapper","chl","Chlorophyll-a concentration","Western Atlantic",1.387,304,182,2,1,489
"Mutton Snapper","chl","Chlorophyll-a concentration","Caribbean Sea",1.384,217,131,0,1,349
"Mutton Snapper","chl","Chlorophyll-a concentration","U.S. Caribbean",1.048,20,1,0,0,21
"Mutton Snapper","mld","Mixed layer depth","Western Atlantic",1.049,470,24,0,0,494
"Mutton Snapper","mld","Mixed layer depth","Caribbean Sea",1.02,342,7,0,0,349
"Mutton Snapper","mld","Mixed layer depth","U.S. Caribbean",1,21,0,0,0,21
"Mutton Snapper","msstg","Mean sea surface temperature gradient","Western Atlantic",1.507,259,183,4,14,460
"Mutton Snapper","msstg","Mean sea surface temperature gradient","Caribbean Sea",1.487,194,129,2,10,335
"Mutton Snapper","msstg","Mean sea surface temperature gradient","U.S. Caribbean",1.857,3,18,0,0,21
"Mutton Snapper","o200","Oxygen at 200m","Western Atlantic",1.753,190,195,60,9,454
"Mutton Snapper","o200","Oxygen at 200m","Caribbean Sea",1.869,122,146,60,9,337
"Mutton Snapper","o200","Oxygen at 200m","U.S. Caribbean",2.952,0,3,16,2,21
"Mutton Snapper","ph","Surface pH","Western Atlantic",3.978,1,4,0,488,493
"Mutton Snapper","ph","Surface pH","Caribbean Sea",3.991,1,0,0,348,349
"Mutton Snapper","ph","Surface pH","U.S. Caribbean",4,0,0,0,21,21
"Mutton Snapper","pp","Primary production","Western Atlantic",1.174,408,84,1,0,493
"Mutton Snapper","pp","Primary production","Caribbean Sea",1.143,299,50,0,0,349
"Mutton Snapper","pp","Primary production","U.S. Caribbean",1,21,0,0,0,21
"Mutton Snapper","precip","Precipitation","Western Atlantic",1.151,422,75,0,0,497
"Mutton Snapper","precip","Precipitation","Caribbean Sea",1.126,305,44,0,0,349
"Mutton Snapper","precip","Precipitation","U.S. Caribbean",1,21,0,0,0,21
"Mutton Snapper","sso","Sea surface oxygen","Western Atlantic",3.874,4,19,12,458,493
"Mutton Snapper","sso","Sea surface oxygen","Caribbean Sea",3.943,2,6,2,339,349
"Mutton Snapper","sso","Sea surface oxygen","U.S. Caribbean",4,0,0,0,21,21
"Mutton Snapper","sss","Sea surface salinity","Western Atlantic",3.24,55,82,47,311,495
"Mutton Snapper","sss","Sea surface salinity","Caribbean Sea",3.542,4,54,40,251,349
"Mutton Snapper","sss","Sea surface salinity","U.S. Caribbean",3.143,0,4,10,7,21
"Mutton Snapper","sst","Sea surface temperature","Western Atlantic",3.998,0,0,1,496,497
"Mutton Snapper","sst","Sea surface temperature","Caribbean Sea",3.997,0,0,1,348,349
"Mutton Snapper","sst","Sea surface temperature","U.S. Caribbean",4,0,0,0,21,21
"Mutton Snapper","swsm","Surface wind speed magnitude","Western Atlantic",1.167,416,80,0,1,497
"Mutton Snapper","swsm","Surface wind speed magnitude","Caribbean Sea",1.218,275,73,0,1,349
"Mutton Snapper","swsm","Surface wind speed magnitude","U.S. Caribbean",1,21,0,0,0,21
"Nassau Grouper","bs","Bottom salinity","Western Atlantic",3.423,13,63,57,252,385
"Nassau Grouper","bs","Bottom salinity","Caribbean Sea",3.376,13,59,54,212,338
"Nassau Grouper","bs","Bottom salinity","U.S. Caribbean",2.238,0,16,5,0,21
"Nassau Grouper","bt","Bottom temperature","Western Atlantic",3.865,0,17,19,356,392
"Nassau Grouper","bt","Bottom temperature","Caribbean Sea",3.844,0,17,19,303,339
"Nassau Grouper","bt","Bottom temperature","U.S. Caribbean",3.571,0,1,7,13,21
"Nassau Grouper","chl","Chlorophyll-a concentration","Western Atlantic",1.355,255,136,0,1,392
"Nassau Grouper","chl","Chlorophyll-a concentration","Caribbean Sea",1.398,206,132,0,1,339
"Nassau Grouper","chl","Chlorophyll-a concentration","U.S. Caribbean",1.048,20,1,0,0,21
"Nassau Grouper","mld","Mixed layer depth","Western Atlantic",1.038,377,15,0,0,392
"Nassau Grouper","mld","Mixed layer depth","Caribbean Sea",1.024,331,8,0,0,339
"Nassau Grouper","mld","Mixed layer depth","U.S. Caribbean",1,21,0,0,0,21
"Nassau Grouper","msstg","Mean sea surface temperature gradient","Western Atlantic",1.483,222,141,1,13,377
"Nassau Grouper","msstg","Mean sea surface temperature gradient","Caribbean Sea",1.489,190,125,1,11,327
"Nassau Grouper","msstg","Mean sea surface temperature gradient","U.S. Caribbean",1.857,3,18,0,0,21
"Nassau Grouper","o200","Oxygen at 200m","Western Atlantic",1.806,152,161,60,9,382
"Nassau Grouper","o200","Oxygen at 200m","Caribbean Sea",1.876,119,142,60,9,330
"Nassau Grouper","o200","Oxygen at 200m","U.S. Caribbean",2.952,0,3,16,2,21
"Nassau Grouper","ph","Surface pH","Western Atlantic",3.992,1,0,0,391,392
"Nassau Grouper","ph","Surface pH","Caribbean Sea",3.991,1,0,0,338,339
"Nassau Grouper","ph","Surface pH","U.S. Caribbean",4,0,0,0,21,21
"Nassau Grouper","pp","Primary production","Western Atlantic",1.143,336,56,0,0,392
"Nassau Grouper","pp","Primary production","Caribbean Sea",1.145,290,49,0,0,339
"Nassau Grouper","pp","Primary production","U.S. Caribbean",1,21,0,0,0,21
"Nassau Grouper","precip","Precipitation","Western Atlantic",1.097,354,38,0,0,392
"Nassau Grouper","precip","Precipitation","Caribbean Sea",1.112,301,38,0,0,339
"Nassau Grouper","precip","Precipitation","U.S. Caribbean",1,21,0,0,0,21
"Nassau Grouper","sso","Sea surface oxygen","Western Atlantic",3.939,2,8,2,380,392
"Nassau Grouper","sso","Sea surface oxygen","Caribbean Sea",3.929,2,8,2,327,339
"Nassau Grouper","sso","Sea surface oxygen","U.S. Caribbean",4,0,0,0,21,21
"Nassau Grouper","sss","Sea surface salinity","Western Atlantic",3.594,4,51,45,292,392
"Nassau Grouper","sss","Sea surface salinity","Caribbean Sea",3.563,4,49,38,248,339
"Nassau Grouper","sss","Sea surface salinity","U.S. Caribbean",3.143,0,4,10,7,21
"Nassau Grouper","sst","Sea surface temperature","Western Atlantic",3.997,0,0,1,391,392
"Nassau Grouper","sst","Sea surface temperature","Caribbean Sea",3.997,0,0,1,338,339
"Nassau Grouper","sst","Sea surface temperature","U.S. Caribbean",4,0,0,0,21,21
"Nassau Grouper","swsm","Surface wind speed magnitude","Western Atlantic",1.199,316,75,0,1,392
"Nassau Grouper","swsm","Surface wind speed magnitude","Caribbean Sea",1.227,264,74,0,1,339
"Nassau Grouper","swsm","Surface wind speed magnitude","U.S. Caribbean",1,21,0,0,0,21
"Queen Conch","bs","Bottom salinity","Western Atlantic",3.402,13,58,53,224,348
"Queen Conch","bs","Bottom salinity","Caribbean Sea",3.38,13,56,51,206,326
"Queen Conch","bs","Bottom salinity","U.S. Caribbean",2.238,0,16,5,0,21
"Queen Conch","bt","Bottom temperature","Western Atlantic",3.854,0,17,18,321,356
"Queen Conch","bt","Bottom temperature","Caribbean Sea",3.841,0,17,18,292,327
"Queen Conch","bt","Bottom temperature","U.S. Caribbean",3.571,0,1,7,13,21
"Queen Conch","chl","Chlorophyll-a concentration","Western Atlantic",1.382,222,133,0,1,356
"Queen Conch","chl","Chlorophyll-a concentration","Caribbean Sea",1.404,197,129,0,1,327
"Queen Conch","chl","Chlorophyll-a concentration","U.S. Caribbean",1.048,20,1,0,0,21
"Queen Conch","mld","Mixed layer depth","Western Atlantic",1.017,350,6,0,0,356
"Queen Conch","mld","Mixed layer depth","Caribbean Sea",1.018,321,6,0,0,327
"Queen Conch","mld","Mixed layer depth","U.S. Caribbean",1,21,0,0,0,21
"Queen Conch","msstg","Mean sea surface temperature gradient","Western Atlantic",1.458,208,126,1,10,345
"Queen Conch","msstg","Mean sea surface temperature gradient","Caribbean Sea",1.486,184,122,1,10,317
"Queen Conch","msstg","Mean sea surface temperature gradient","U.S. Caribbean",1.857,3,18,0,0,21
"Queen Conch","o200","Oxygen at 200m","Western Atlantic",1.837,135,146,60,9,350
"Queen Conch","o200","Oxygen at 200m","Caribbean Sea",1.891,113,139,60,9,321
"Queen Conch","o200","Oxygen at 200m","U.S. Caribbean",2.952,0,3,16,2,21
"Queen Conch","ph","Surface pH","Western Atlantic",3.992,1,0,0,355,356
"Queen Conch","ph","Surface pH","Caribbean Sea",3.991,1,0,0,326,327
"Queen Conch","ph","Surface pH","U.S. Caribbean",4,0,0,0,21,21
"Queen Conch","pp","Primary production","Western Atlantic",1.138,307,49,0,0,356
"Queen Conch","pp","Primary production","Caribbean Sea",1.15,278,49,0,0,327
"Queen Conch","pp","Primary production","U.S. Caribbean",1,21,0,0,0,21
"Queen Conch","precip","Precipitation","Western Atlantic",1.079,328,28,0,0,356
"Queen Conch","precip","Precipitation","Caribbean Sea",1.086,299,28,0,0,327
"Queen Conch","precip","Precipitation","U.S. Caribbean",1,21,0,0,0,21
"Queen Conch","sso","Sea surface oxygen","Western Atlantic",3.947,2,6,1,347,356
"Queen Conch","sso","Sea surface oxygen","Caribbean Sea",3.942,2,6,1,318,327
"Queen Conch","sso","Sea surface oxygen","U.S. Caribbean",4,0,0,0,21,21
"Queen Conch","sss","Sea surface salinity","Western Atlantic",3.626,4,39,43,270,356
"Queen Conch","sss","Sea surface salinity","Caribbean Sea",3.609,4,39,38,246,327
"Queen Conch","sss","Sea surface salinity","U.S. Caribbean",3.143,0,4,10,7,21
"Queen Conch","sst","Sea surface temperature","Western Atlantic",3.997,0,0,1,355,356
"Queen Conch","sst","Sea surface temperature","Caribbean Sea",3.997,0,0,1,326,327
"Queen Conch","sst","Sea surface temperature","U.S. Caribbean",4,0,0,0,21,21
"Queen Conch","swsm","Surface wind speed magnitude","Western Atlantic",1.219,280,75,0,1,356
"Queen Conch","swsm","Surface wind speed magnitude","Caribbean Sea",1.235,252,74,0,1,327
"Queen Conch","swsm","Surface wind speed magnitude","U.S. Caribbean",1,21,0,0,0,21
"Queen Snapper","bs","Bottom salinity","Western Atlantic",3.184,36,116,69,280,501
"Queen Snapper","bs","Bottom salinity","Caribbean Sea",3.361,13,65,56,218,352
"Queen Snapper","bs","Bottom salinity","U.S. Caribbean",2.238,0,16,5,0,21
"Queen Snapper","bt","Bottom temperature","Western Atlantic",3.871,0,20,27,472,519
"Queen Snapper","bt","Bottom temperature","Caribbean Sea",3.853,0,17,18,318,353
"Queen Snapper","bt","Bottom temperature","U.S. Caribbean",3.571,0,1,7,13,21
"Queen Snapper","chl","Chlorophyll-a concentration","Western Atlantic",1.384,319,189,2,1,511
"Queen Snapper","chl","Chlorophyll-a concentration","Caribbean Sea",1.382,220,132,0,1,353
"Queen Snapper","chl","Chlorophyll-a concentration","U.S. Caribbean",1.048,20,1,0,0,21
"Queen Snapper","mld","Mixed layer depth","Western Atlantic",1.046,494,24,0,0,518
"Queen Snapper","mld","Mixed layer depth","Caribbean Sea",1.02,346,7,0,0,353
"Queen Snapper","mld","Mixed layer depth","U.S. Caribbean",1,21,0,0,0,21
"Queen Snapper","msstg","Mean sea surface temperature gradient","Western Atlantic",1.498,272,188,4,14,478
"Queen Snapper","msstg","Mean sea surface temperature gradient","Caribbean Sea",1.49,195,132,2,10,339
"Queen Snapper","msstg","Mean sea surface temperature gradient","U.S. Caribbean",1.857,3,18,0,0,21
"Queen Snapper","o200","Oxygen at 200m","Western Atlantic",1.737,201,197,60,9,467
"Queen Snapper","o200","Oxygen at 200m","Caribbean Sea",1.865,124,148,60,9,341
"Queen Snapper","o200","Oxygen at 200m","U.S. Caribbean",2.952,0,3,16,2,21
"Queen Snapper","ph","Surface pH","Western Atlantic",3.979,1,4,0,512,517
"Queen Snapper","ph","Surface pH","Caribbean Sea",3.992,1,0,0,352,353
"Queen Snapper","ph","Surface pH","U.S. Caribbean",4,0,0,0,21,21
"Queen Snapper","pp","Primary production","Western Atlantic",1.176,427,89,1,0,517
"Queen Snapper","pp","Primary production","Caribbean Sea",1.142,303,50,0,0,353
"Queen Snapper","pp","Primary production","U.S. Caribbean",1,21,0,0,0,21
"Queen Snapper","precip","Precipitation","Western Atlantic",1.144,446,75,0,0,521
"Queen Snapper","precip","Precipitation","Caribbean Sea",1.125,309,44,0,0,353
"Queen Snapper","precip","Precipitation","U.S. Caribbean",1,21,0,0,0,21
"Queen Snapper","sso","Sea surface oxygen","Western Atlantic",3.878,4,19,13,481,517
"Queen Snapper","sso","Sea surface oxygen","Caribbean Sea",3.943,2,6,2,343,353
"Queen Snapper","sso","Sea surface oxygen","U.S. Caribbean",4,0,0,0,21,21
"Queen Snapper","sss","Sea surface salinity","Western Atlantic",3.181,56,102,53,308,519
"Queen Snapper","sss","Sea surface salinity","Caribbean Sea",3.541,4,54,42,253,353
"Queen Snapper","sss","Sea surface salinity","U.S. Caribbean",3.143,0,4,10,7,21
"Queen Snapper","sst","Sea surface temperature","Western Atlantic",3.998,0,0,1,520,521
"Queen Snapper","sst","Sea surface temperature","Caribbean Sea",3.997,0,0,1,352,353
"Queen Snapper","sst","Sea surface temperature","U.S. Caribbean",4,0,0,0,21,21
"Queen Snapper","swsm","Surface wind speed magnitude","Western Atlantic",1.173,433,87,0,1,521
"Queen Snapper","swsm","Surface wind speed magnitude","Caribbean Sea",1.215,279,73,0,1,353
"Queen Snapper","swsm","Surface wind speed magnitude","U.S. Caribbean",1,21,0,0,0,21
"Queen Triggerfish","bs","Bottom salinity","Western Atlantic",2.882,101,184,78,307,670
"Queen Triggerfish","bs","Bottom salinity","Caribbean Sea",3.361,13,65,56,218,352
"Queen Triggerfish","bs","Bottom salinity","U.S. Caribbean",2.238,0,16,5,0,21
"Queen Triggerfish","bt","Bottom temperature","Western Atlantic",3.766,0,44,73,571,688
"Queen Triggerfish","bt","Bottom temperature","Caribbean Sea",3.853,0,17,18,318,353
"Queen Triggerfish","bt","Bottom temperature","U.S. Caribbean",3.571,0,1,7,13,21
"Queen Triggerfish","chl","Chlorophyll-a concentration","Western Atlantic",1.537,348,297,27,4,676
"Queen Triggerfish","chl","Chlorophyll-a concentration","Caribbean Sea",1.382,220,132,0,1,353
"Queen Triggerfish","chl","Chlorophyll-a concentration","U.S. Caribbean",1.048,20,1,0,0,21
"Queen Triggerfish","mld","Mixed layer depth","Western Atlantic",1.199,551,135,1,0,687
"Queen Triggerfish","mld","Mixed layer depth","Caribbean Sea",1.02,346,7,0,0,353
"Queen Triggerfish","mld","Mixed layer depth","U.S. Caribbean",1,21,0,0,0,21
"Queen Triggerfish","msstg","Mean sea surface temperature gradient","Western Atlantic",1.595,315,288,11,23,637
"Queen Triggerfish","msstg","Mean sea surface temperature gradient","Caribbean Sea",1.49,195,132,2,10,339
"Queen Triggerfish","msstg","Mean sea surface temperature gradient","U.S. Caribbean",1.857,3,18,0,0,21
"Queen Triggerfish","o200","Oxygen at 200m","Western Atlantic",1.942,221,262,95,45,623
"Queen Triggerfish","o200","Oxygen at 200m","Caribbean Sea",1.865,124,148,60,9,341
"Queen Triggerfish","o200","Oxygen at 200m","U.S. Caribbean",2.952,0,3,16,2,21
"Queen Triggerfish","ph","Surface pH","Western Atlantic",3.984,1,4,0,681,686
"Queen Triggerfish","ph","Surface pH","Caribbean Sea",3.992,1,0,0,352,353
"Queen Triggerfish","ph","Surface pH","U.S. Caribbean",4,0,0,0,21,21
"Queen Triggerfish","pp","Primary production","Western Atlantic",1.248,526,152,6,2,686
"Queen Triggerfish","pp","Primary production","Caribbean Sea",1.142,303,50,0,0,353
"Queen Triggerfish","pp","Primary production","U.S. Caribbean",1,21,0,0,0,21
"Queen Triggerfish","precip","Precipitation","Western Atlantic",1.152,585,105,0,0,690
"Queen Triggerfish","precip","Precipitation","Caribbean Sea",1.125,309,44,0,0,353
"Queen Triggerfish","precip","Precipitation","U.S. Caribbean",1,21,0,0,0,21
"Queen Triggerfish","sso","Sea surface oxygen","Western Atlantic",3.835,7,25,42,612,686
"Queen Triggerfish","sso","Sea surface oxygen","Caribbean Sea",3.943,2,6,2,343,353
"Queen Triggerfish","sso","Sea surface oxygen","U.S. Caribbean",4,0,0,0,21,21
"Queen Triggerfish","sss","Sea surface salinity","Western Atlantic",3.015,97,162,63,366,688
"Queen Triggerfish","sss","Sea surface salinity","Caribbean Sea",3.541,4,54,42,253,353
"Queen Triggerfish","sss","Sea surface salinity","U.S. Caribbean",3.143,0,4,10,7,21
"Queen Triggerfish","sst","Sea surface temperature","Western Atlantic",3.903,0,1,65,624,690
"Queen Triggerfish","sst","Sea surface temperature","Caribbean Sea",3.997,0,0,1,352,353
"Queen Triggerfish","sst","Sea surface temperature","U.S. Caribbean",4,0,0,0,21,21
"Queen Triggerfish","swsm","Surface wind speed magnitude","Western Atlantic",1.143,595,92,2,1,690
"Queen Triggerfish","swsm","Surface wind speed magnitude","Caribbean Sea",1.215,279,73,0,1,353
"Queen Triggerfish","swsm","Surface wind speed magnitude","U.S. Caribbean",1,21,0,0,0,21
"Rainbow Parrotfish","bs","Bottom salinity","Western Atlantic",3.366,13,61,47,207,328
"Rainbow Parrotfish","bs","Bottom salinity","Caribbean Sea",3.344,13,61,47,196,317
"Rainbow Parrotfish","bs","Bottom salinity","U.S. Caribbean",2.238,0,16,5,0,21
"Rainbow Parrotfish","bt","Bottom temperature","Western Atlantic",3.842,0,17,18,294,329
"Rainbow Parrotfish","bt","Bottom temperature","Caribbean Sea",3.836,0,17,18,283,318
"Rainbow Parrotfish","bt","Bottom temperature","U.S. Caribbean",3.571,0,1,7,13,21
"Rainbow Parrotfish","chl","Chlorophyll-a concentration","Western Atlantic",1.382,202,125,0,0,327
"Rainbow Parrotfish","chl","Chlorophyll-a concentration","Caribbean Sea",1.389,193,123,0,0,316
"Rainbow Parrotfish","chl","Chlorophyll-a concentration","U.S. Caribbean",1.048,20,1,0,0,21
"Rainbow Parrotfish","mld","Mixed layer depth","Western Atlantic",1.027,320,9,0,0,329
"Rainbow Parrotfish","mld","Mixed layer depth","Caribbean Sea",1.025,310,8,0,0,318
"Rainbow Parrotfish","mld","Mixed layer depth","U.S. Caribbean",1,21,0,0,0,21
"Rainbow Parrotfish","msstg","Mean sea surface temperature gradient","Western Atlantic",1.472,182,126,1,7,316
"Rainbow Parrotfish","msstg","Mean sea surface temperature gradient","Caribbean Sea",1.469,177,120,1,7,305
"Rainbow Parrotfish","msstg","Mean sea surface temperature gradient","U.S. Caribbean",1.857,3,18,0,0,21
"Rainbow Parrotfish","o200","Oxygen at 200m","Western Atlantic",1.913,104,149,60,8,321
"Rainbow Parrotfish","o200","Oxygen at 200m","Caribbean Sea",1.91,104,138,60,8,310
"Rainbow Parrotfish","o200","Oxygen at 200m","U.S. Caribbean",2.952,0,3,16,2,21
"Rainbow Parrotfish","ph","Surface pH","Western Atlantic",3.991,1,0,0,328,329
"Rainbow Parrotfish","ph","Surface pH","Caribbean Sea",3.991,1,0,0,317,318
"Rainbow Parrotfish","ph","Surface pH","U.S. Caribbean",4,0,0,0,21,21
"Rainbow Parrotfish","pp","Primary production","Western Atlantic",1.152,279,50,0,0,329
"Rainbow Parrotfish","pp","Primary production","Caribbean Sea",1.157,268,50,0,0,318
"Rainbow Parrotfish","pp","Primary production","U.S. Caribbean",1,21,0,0,0,21
"Rainbow Parrotfish","precip","Precipitation","Western Atlantic",1.103,295,34,0,0,329
"Rainbow Parrotfish","precip","Precipitation","Caribbean Sea",1.107,284,34,0,0,318
"Rainbow Parrotfish","precip","Precipitation","U.S. Caribbean",1,21,0,0,0,21
"Rainbow Parrotfish","sso","Sea surface oxygen","Western Atlantic",3.945,2,5,2,320,329
"Rainbow Parrotfish","sso","Sea surface oxygen","Caribbean Sea",3.943,2,5,2,309,318
"Rainbow Parrotfish","sso","Sea surface oxygen","U.S. Caribbean",4,0,0,0,21,21
"Rainbow Parrotfish","sss","Sea surface salinity","Western Atlantic",3.571,4,45,39,241,329
"Rainbow Parrotfish","sss","Sea surface salinity","Caribbean Sea",3.557,4,45,39,230,318
"Rainbow Parrotfish","sss","Sea surface salinity","U.S. Caribbean",3.143,0,4,10,7,21
"Rainbow Parrotfish","sst","Sea surface temperature","Western Atlantic",3.997,0,0,1,328,329
"Rainbow Parrotfish","sst","Sea surface temperature","Caribbean Sea",3.997,0,0,1,317,318
"Rainbow Parrotfish","sst","Sea surface temperature","U.S. Caribbean",4,0,0,0,21,21
"Rainbow Parrotfish","swsm","Surface wind speed magnitude","Western Atlantic",1.222,258,70,0,1,329
"Rainbow Parrotfish","swsm","Surface wind speed magnitude","Caribbean Sea",1.23,247,70,0,1,318
"Rainbow Parrotfish","swsm","Surface wind speed magnitude","U.S. Caribbean",1,21,0,0,0,21
"Red Grouper","bs","Bottom salinity","Western Atlantic",3.231,28,91,63,246,428
"Red Grouper","bs","Bottom salinity","Caribbean Sea",3.308,13,65,56,191,325
"Red Grouper","bs","Bottom salinity","U.S. Caribbean",2.238,0,16,5,0,21
"Red Grouper","bt","Bottom temperature","Western Atlantic",3.865,0,17,25,395,437
"Red Grouper","bt","Bottom temperature","Caribbean Sea",3.84,0,17,18,291,326
"Red Grouper","bt","Bottom temperature","U.S. Caribbean",3.571,0,1,7,13,21
"Red Grouper","chl","Chlorophyll-a concentration","Western Atlantic",1.381,272,163,0,1,436
"Red Grouper","chl","Chlorophyll-a concentration","Caribbean Sea",1.383,203,122,0,1,326
"Red Grouper","chl","Chlorophyll-a concentration","U.S. Caribbean",1.048,20,1,0,0,21
"Red Grouper","mld","Mixed layer depth","Western Atlantic",1.05,415,22,0,0,437
"Red Grouper","mld","Mixed layer depth","Caribbean Sea",1.021,319,7,0,0,326
"Red Grouper","mld","Mixed layer depth","U.S. Caribbean",1,21,0,0,0,21
"Red Grouper","msstg","Mean sea surface temperature gradient","Western Atlantic",1.507,231,163,3,13,410
"Red Grouper","msstg","Mean sea surface temperature gradient","Caribbean Sea",1.49,181,119,2,10,312
"Red Grouper","msstg","Mean sea surface temperature gradient","U.S. Caribbean",1.857,3,18,0,0,21
"Red Grouper","o200","Oxygen at 200m","Western Atlantic",1.735,180,164,56,8,408
"Red Grouper","o200","Oxygen at 200m","Caribbean Sea",1.838,123,127,56,8,314
"Red Grouper","o200","Oxygen at 200m","U.S. Caribbean",2.952,0,3,16,2,21
"Red Grouper","ph","Surface pH","Western Atlantic",3.993,1,0,0,436,437
"Red Grouper","ph","Surface pH","Caribbean Sea",3.991,1,0,0,325,326
"Red Grouper","ph","Surface pH","U.S. Caribbean",4,0,0,0,21,21
"Red Grouper","pp","Primary production","Western Atlantic",1.137,377,60,0,0,437
"Red Grouper","pp","Primary production","Caribbean Sea",1.117,288,38,0,0,326
"Red Grouper","pp","Primary production","U.S. Caribbean",1,21,0,0,0,21
"Red Grouper","precip","Precipitation","Western Atlantic",1.153,371,67,0,0,438
"Red Grouper","precip","Precipitation","Caribbean Sea",1.135,282,44,0,0,326
"Red Grouper","precip","Precipitation","U.S. Caribbean",1,21,0,0,0,21
"Red Grouper","sso","Sea surface oxygen","Western Atlantic",3.927,2,9,8,418,437
"Red Grouper","sso","Sea surface oxygen","Caribbean Sea",3.939,2,6,2,316,326
"Red Grouper","sso","Sea surface oxygen","U.S. Caribbean",4,0,0,0,21,21
"Red Grouper","sss","Sea surface salinity","Western Atlantic",3.268,34,87,44,272,437
"Red Grouper","sss","Sea surface salinity","Caribbean Sea",3.506,4,54,41,227,326
"Red Grouper","sss","Sea surface salinity","U.S. Caribbean",3.143,0,4,10,7,21
"Red Grouper","sst","Sea surface temperature","Western Atlantic",3.998,0,0,1,437,438
"Red Grouper","sst","Sea surface temperature","Caribbean Sea",3.997,0,0,1,325,326
"Red Grouper","sst","Sea surface temperature","U.S. Caribbean",4,0,0,0,21,21
"Red Grouper","swsm","Surface wind speed magnitude","Western Atlantic",1.183,360,77,0,1,438
"Red Grouper","swsm","Surface wind speed magnitude","Caribbean Sea",1.233,252,73,0,1,326
"Red Grouper","swsm","Surface wind speed magnitude","U.S. Caribbean",1,21,0,0,0,21
"Redhind","bs","Bottom salinity","Western Atlantic",3.351,13,94,60,275,442
"Redhind","bs","Bottom salinity","Caribbean Sea",3.372,13,62,53,216,344
"Redhind","bs","Bottom salinity","U.S. Caribbean",2.238,0,16,5,0,21
"Redhind","bt","Bottom temperature","Western Atlantic",3.88,0,17,20,413,450
"Redhind","bt","Bottom temperature","Caribbean Sea",3.849,0,17,18,310,345
"Redhind","bt","Bottom temperature","U.S. Caribbean",3.571,0,1,7,13,21
"Redhind","chl","Chlorophyll-a concentration","Western Atlantic",1.329,302,144,0,1,447
"Redhind","chl","Chlorophyll-a concentration","Caribbean Sea",1.391,212,132,0,1,345
"Redhind","chl","Chlorophyll-a concentration","U.S. Caribbean",1.048,20,1,0,0,21
"Redhind","mld","Mixed layer depth","Western Atlantic",1.031,436,14,0,0,450
"Redhind","mld","Mixed layer depth","Caribbean Sea",1.017,339,6,0,0,345
"Redhind","mld","Mixed layer depth","U.S. Caribbean",1,21,0,0,0,21
"Redhind","msstg","Mean sea surface temperature gradient","Western Atlantic",1.482,245,167,1,12,425
"Redhind","msstg","Mean sea surface temperature gradient","Caribbean Sea",1.489,191,131,1,10,333
"Redhind","msstg","Mean sea surface temperature gradient","U.S. Caribbean",1.857,3,18,0,0,21
"Redhind","o200","Oxygen at 200m","Western Atlantic",1.76,180,176,60,9,425
"Redhind","o200","Oxygen at 200m","Caribbean Sea",1.872,121,145,60,9,335
"Redhind","o200","Oxygen at 200m","U.S. Caribbean",2.952,0,3,16,2,21
"Redhind","ph","Surface pH","Western Atlantic",3.993,1,0,0,449,450
"Redhind","ph","Surface pH","Caribbean Sea",3.991,1,0,0,344,345
"Redhind","ph","Surface pH","U.S. Caribbean",4,0,0,0,21,21
"Redhind","pp","Primary production","Western Atlantic",1.142,386,64,0,0,450
"Redhind","pp","Primary production","Caribbean Sea",1.142,296,49,0,0,345
"Redhind","pp","Primary production","U.S. Caribbean",1,21,0,0,0,21
"Redhind","precip","Precipitation","Western Atlantic",1.076,416,34,0,0,450
"Redhind","precip","Precipitation","Caribbean Sea",1.099,311,34,0,0,345
"Redhind","precip","Precipitation","U.S. Caribbean",1,21,0,0,0,21
"Redhind","sso","Sea surface oxygen","Western Atlantic",3.92,2,11,8,429,450
"Redhind","sso","Sea surface oxygen","Caribbean Sea",3.942,2,6,2,335,345
"Redhind","sso","Sea surface oxygen","U.S. Caribbean",4,0,0,0,21,21
"Redhind","sss","Sea surface salinity","Western Atlantic",3.5,6,77,53,314,450
"Redhind","sss","Sea surface salinity","Caribbean Sea",3.583,4,45,42,254,345
"Redhind","sss","Sea surface salinity","U.S. Caribbean",3.143,0,4,10,7,21
"Redhind","sst","Sea surface temperature","Western Atlantic",3.998,0,0,1,449,450
"Redhind","sst","Sea surface temperature","Caribbean Sea",3.997,0,0,1,344,345
"Redhind","sst","Sea surface temperature","U.S. Caribbean",4,0,0,0,21,21
"Redhind","swsm","Surface wind speed magnitude","Western Atlantic",1.189,367,82,0,1,450
"Redhind","swsm","Surface wind speed magnitude","Caribbean Sea",1.223,270,74,0,1,345
"Redhind","swsm","Surface wind speed magnitude","U.S. Caribbean",1,21,0,0,0,21
"Sea Cucumber","bs","Bottom salinity","Western Atlantic",3.32,13,90,60,247,410
"Sea Cucumber","bs","Bottom salinity","Caribbean Sea",3.381,13,58,53,212,336
"Sea Cucumber","bs","Bottom salinity","U.S. Caribbean",2.238,0,16,5,0,21
"Sea Cucumber","bt","Bottom temperature","Western Atlantic",3.871,0,17,20,381,418
"Sea Cucumber","bt","Bottom temperature","Caribbean Sea",3.846,0,17,18,302,337
"Sea Cucumber","bt","Bottom temperature","U.S. Caribbean",3.571,0,1,7,13,21
"Sea Cucumber","chl","Chlorophyll-a concentration","Western Atlantic",1.352,271,143,0,1,415
"Sea Cucumber","chl","Chlorophyll-a concentration","Caribbean Sea",1.398,205,131,0,1,337
"Sea Cucumber","chl","Chlorophyll-a concentration","U.S. Caribbean",1.048,20,1,0,0,21
"Sea Cucumber","mld","Mixed layer depth","Western Atlantic",1.019,410,8,0,0,418
"Sea Cucumber","mld","Mixed layer depth","Caribbean Sea",1.018,331,6,0,0,337
"Sea Cucumber","mld","Mixed layer depth","U.S. Caribbean",1,21,0,0,0,21
"Sea Cucumber","msstg","Mean sea surface temperature gradient","Western Atlantic",1.47,232,150,1,11,394
"Sea Cucumber","msstg","Mean sea surface temperature gradient","Caribbean Sea",1.485,187,129,1,9,326
"Sea Cucumber","msstg","Mean sea surface temperature gradient","U.S. Caribbean",1.857,3,18,0,0,21
"Sea Cucumber","o200","Oxygen at 200m","Western Atlantic",1.78,165,161,60,9,395
"Sea Cucumber","o200","Oxygen at 200m","Caribbean Sea",1.888,115,145,60,9,329
"Sea Cucumber","o200","Oxygen at 200m","U.S. Caribbean",2.952,0,3,16,2,21
"Sea Cucumber","ph","Surface pH","Western Atlantic",3.993,1,0,0,417,418
"Sea Cucumber","ph","Surface pH","Caribbean Sea",3.991,1,0,0,336,337
"Sea Cucumber","ph","Surface pH","U.S. Caribbean",4,0,0,0,21,21
"Sea Cucumber","pp","Primary production","Western Atlantic",1.144,358,60,0,0,418
"Sea Cucumber","pp","Primary production","Caribbean Sea",1.145,288,49,0,0,337
"Sea Cucumber","pp","Primary production","U.S. Caribbean",1,21,0,0,0,21
"Sea Cucumber","precip","Precipitation","Western Atlantic",1.067,390,28,0,0,418
"Sea Cucumber","precip","Precipitation","Caribbean Sea",1.083,309,28,0,0,337
"Sea Cucumber","precip","Precipitation","U.S. Caribbean",1,21,0,0,0,21
"Sea Cucumber","sso","Sea surface oxygen","Western Atlantic",3.921,2,10,7,399,418
"Sea Cucumber","sso","Sea surface oxygen","Caribbean Sea",3.95,2,5,1,329,337
"Sea Cucumber","sso","Sea surface oxygen","U.S. Caribbean",4,0,0,0,21,21
"Sea Cucumber","sss","Sea surface salinity","Western Atlantic",3.495,6,70,53,289,418
"Sea Cucumber","sss","Sea surface salinity","Caribbean Sea",3.614,4,38,42,253,337
"Sea Cucumber","sss","Sea surface salinity","U.S. Caribbean",3.143,0,4,10,7,21
"Sea Cucumber","sst","Sea surface temperature","Western Atlantic",3.998,0,0,1,417,418
"Sea Cucumber","sst","Sea surface temperature","Caribbean Sea",3.997,0,0,1,336,337
"Sea Cucumber","sst","Sea surface temperature","U.S. Caribbean",4,0,0,0,21,21
"Sea Cucumber","swsm","Surface wind speed magnitude","Western Atlantic",1.201,336,81,0,1,418
"Sea Cucumber","swsm","Surface wind speed magnitude","Caribbean Sea",1.226,263,73,0,1,337
"Sea Cucumber","swsm","Surface wind speed magnitude","U.S. Caribbean",1,21,0,0,0,21
"Silk Snapper","bs","Bottom salinity","Western Atlantic",3.19,36,110,65,274,485
"Silk Snapper","bs","Bottom salinity","Caribbean Sea",3.361,13,65,56,218,352
"Silk Snapper","bs","Bottom salinity","U.S. Caribbean",2.238,0,16,5,0,21
"Silk Snapper","bt","Bottom temperature","Western Atlantic",3.865,0,20,27,449,496
"Silk Snapper","bt","Bottom temperature","Caribbean Sea",3.853,0,17,18,318,353
"Silk Snapper","bt","Bottom temperature","U.S. Caribbean",3.571,0,1,7,13,21
"Silk Snapper","chl","Chlorophyll-a concentration","Western Atlantic",1.398,298,187,2,1,488
"Silk Snapper","chl","Chlorophyll-a concentration","Caribbean Sea",1.382,220,132,0,1,353
"Silk Snapper","chl","Chlorophyll-a concentration","U.S. Caribbean",1.048,20,1,0,0,21
"Silk Snapper","mld","Mixed layer depth","Western Atlantic",1.048,471,24,0,0,495
"Silk Snapper","mld","Mixed layer depth","Caribbean Sea",1.02,346,7,0,0,353
"Silk Snapper","mld","Mixed layer depth","U.S. Caribbean",1,21,0,0,0,21
"Silk Snapper","msstg","Mean sea surface temperature gradient","Western Atlantic",1.513,255,185,4,14,458
"Silk Snapper","msstg","Mean sea surface temperature gradient","Caribbean Sea",1.49,195,132,2,10,339
"Silk Snapper","msstg","Mean sea surface temperature gradient","U.S. Caribbean",1.857,3,18,0,0,21
"Silk Snapper","o200","Oxygen at 200m","Western Atlantic",1.765,183,194,60,9,446
"Silk Snapper","o200","Oxygen at 200m","Caribbean Sea",1.865,124,148,60,9,341
"Silk Snapper","o200","Oxygen at 200m","U.S. Caribbean",2.952,0,3,16,2,21
"Silk Snapper","ph","Surface pH","Western Atlantic",3.978,1,4,0,489,494
"Silk Snapper","ph","Surface pH","Caribbean Sea",3.992,1,0,0,352,353
"Silk Snapper","ph","Surface pH","U.S. Caribbean",4,0,0,0,21,21
"Silk Snapper","pp","Primary production","Western Atlantic",1.182,405,88,1,0,494
"Silk Snapper","pp","Primary production","Caribbean Sea",1.142,303,50,0,0,353
"Silk Snapper","pp","Primary production","U.S. Caribbean",1,21,0,0,0,21
"Silk Snapper","precip","Precipitation","Western Atlantic",1.151,423,75,0,0,498
"Silk Snapper","precip","Precipitation","Caribbean Sea",1.125,309,44,0,0,353
"Silk Snapper","precip","Precipitation","U.S. Caribbean",1,21,0,0,0,21
"Silk Snapper","sso","Sea surface oxygen","Western Atlantic",3.872,4,19,13,458,494
"Silk Snapper","sso","Sea surface oxygen","Caribbean Sea",3.943,2,6,2,343,353
"Silk Snapper","sso","Sea surface oxygen","U.S. Caribbean",4,0,0,0,21,21
"Silk Snapper","sss","Sea surface salinity","Western Atlantic",3.169,56,100,44,296,496
"Silk Snapper","sss","Sea surface salinity","Caribbean Sea",3.541,4,54,42,253,353
"Silk Snapper","sss","Sea surface salinity","U.S. Caribbean",3.143,0,4,10,7,21
"Silk Snapper","sst","Sea surface temperature","Western Atlantic",3.998,0,0,1,497,498
"Silk Snapper","sst","Sea surface temperature","Caribbean Sea",3.997,0,0,1,352,353
"Silk Snapper","sst","Sea surface temperature","U.S. Caribbean",4,0,0,0,21,21
"Silk Snapper","swsm","Surface wind speed magnitude","Western Atlantic",1.177,412,85,0,1,498
"Silk Snapper","swsm","Surface wind speed magnitude","Caribbean Sea",1.215,279,73,0,1,353
"Silk Snapper","swsm","Surface wind speed magnitude","U.S. Caribbean",1,21,0,0,0,21
"Spiny Lobster","bs","Bottom salinity","Western Atlantic",3.142,47,129,74,301,551
"Spiny Lobster","bs","Bottom salinity","Caribbean Sea",3.354,13,67,59,220,359
"Spiny Lobster","bs","Bottom salinity","U.S. Caribbean",2.238,0,16,5,0,21
"Spiny Lobster","bt","Bottom temperature","Western Atlantic",3.863,0,21,36,513,570
"Spiny Lobster","bt","Bottom temperature","Caribbean Sea",3.85,0,18,18,324,360
"Spiny Lobster","bt","Bottom temperature","U.S. Caribbean",3.571,0,1,7,13,21
"Spiny Lobster","chl","Chlorophyll-a concentration","Western Atlantic",1.358,362,193,2,1,558
"Spiny Lobster","chl","Chlorophyll-a concentration","Caribbean Sea",1.38,224,133,0,1,358
"Spiny Lobster","chl","Chlorophyll-a concentration","U.S. Caribbean",1.048,20,1,0,0,21
"Spiny Lobster","mld","Mixed layer depth","Western Atlantic",1.058,536,33,0,0,569
"Spiny Lobster","mld","Mixed layer depth","Caribbean Sea",1.025,351,9,0,0,360
"Spiny Lobster","mld","Mixed layer depth","U.S. Caribbean",1,21,0,0,0,21
"Spiny Lobster","msstg","Mean sea surface temperature gradient","Western Atlantic",1.523,282,219,4,15,520
"Spiny Lobster","msstg","Mean sea surface temperature gradient","Caribbean Sea",1.485,199,133,2,10,344
"Spiny Lobster","msstg","Mean sea surface temperature gradient","U.S. Caribbean",1.857,3,18,0,0,21
"Spiny Lobster","o200","Oxygen at 200m","Western Atlantic",1.724,217,218,60,9,504
"Spiny Lobster","o200","Oxygen at 200m","Caribbean Sea",1.864,125,152,60,9,346
"Spiny Lobster","o200","Oxygen at 200m","U.S. Caribbean",2.952,0,3,16,2,21
"Spiny Lobster","ph","Surface pH","Western Atlantic",3.981,1,4,0,563,568
"Spiny Lobster","ph","Surface pH","Caribbean Sea",3.992,1,0,0,359,360
"Spiny Lobster","ph","Surface pH","U.S. Caribbean",4,0,0,0,21,21
"Spiny Lobster","pp","Primary production","Western Atlantic",1.174,473,92,2,1,568
"Spiny Lobster","pp","Primary production","Caribbean Sea",1.144,308,52,0,0,360
"Spiny Lobster","pp","Primary production","U.S. Caribbean",1,21,0,0,0,21
"Spiny Lobster","precip","Precipitation","Western Atlantic",1.131,497,75,0,0,572
"Spiny Lobster","precip","Precipitation","Caribbean Sea",1.122,316,44,0,0,360
"Spiny Lobster","precip","Precipitation","U.S. Caribbean",1,21,0,0,0,21
"Spiny Lobster","sso","Sea surface oxygen","Western Atlantic",3.863,4,20,26,518,568
"Spiny Lobster","sso","Sea surface oxygen","Caribbean Sea",3.944,2,6,2,350,360
"Spiny Lobster","sso","Sea surface oxygen","U.S. Caribbean",4,0,0,0,21,21
"Spiny Lobster","sss","Sea surface salinity","Western Atlantic",3.132,70,114,57,329,570
"Spiny Lobster","sss","Sea surface salinity","Caribbean Sea",3.536,4,56,43,257,360
"Spiny Lobster","sss","Sea surface salinity","U.S. Caribbean",3.143,0,4,10,7,21
"Spiny Lobster","sst","Sea surface temperature","Western Atlantic",3.993,0,0,4,568,572
"Spiny Lobster","sst","Sea surface temperature","Caribbean Sea",3.997,0,0,1,359,360
"Spiny Lobster","sst","Sea surface temperature","U.S. Caribbean",4,0,0,0,21,21
"Spiny Lobster","swsm","Surface wind speed magnitude","Western Atlantic",1.161,482,89,0,1,572
"Spiny Lobster","swsm","Surface wind speed magnitude","Caribbean Sea",1.211,286,73,0,1,360
"Spiny Lobster","swsm","Surface wind speed magnitude","U.S. Caribbean",1,21,0,0,0,21
"Stoplight Parrotfish","bs","Bottom salinity","Western Atlantic",3.41,13,59,53,231,356
"Stoplight Parrotfish","bs","Bottom salinity","Caribbean Sea",3.375,13,58,52,208,331
"Stoplight Parrotfish","bs","Bottom salinity","U.S. Caribbean",2.238,0,16,5,0,21
"Stoplight Parrotfish","bt","Bottom temperature","Western Atlantic",3.857,0,17,18,328,363
"Stoplight Parrotfish","bt","Bottom temperature","Caribbean Sea",3.843,0,17,18,297,332
"Stoplight Parrotfish","bt","Bottom temperature","U.S. Caribbean",3.571,0,1,7,13,21
"Stoplight Parrotfish","chl","Chlorophyll-a concentration","Western Atlantic",1.377,228,134,0,1,363
"Stoplight Parrotfish","chl","Chlorophyll-a concentration","Caribbean Sea",1.401,201,130,0,1,332
"Stoplight Parrotfish","chl","Chlorophyll-a concentration","U.S. Caribbean",1.048,20,1,0,0,21
"Stoplight Parrotfish","mld","Mixed layer depth","Western Atlantic",1.019,356,7,0,0,363
"Stoplight Parrotfish","mld","Mixed layer depth","Caribbean Sea",1.018,326,6,0,0,332
"Stoplight Parrotfish","mld","Mixed layer depth","U.S. Caribbean",1,21,0,0,0,21
"Stoplight Parrotfish","msstg","Mean sea surface temperature gradient","Western Atlantic",1.467,208,132,1,10,351
"Stoplight Parrotfish","msstg","Mean sea surface temperature gradient","Caribbean Sea",1.483,187,123,1,10,321
"Stoplight Parrotfish","msstg","Mean sea surface temperature gradient","U.S. Caribbean",1.857,3,18,0,0,21
"Stoplight Parrotfish","o200","Oxygen at 200m","Western Atlantic",1.846,133,154,60,9,356
"Stoplight Parrotfish","o200","Oxygen at 200m","Caribbean Sea",1.883,116,140,60,9,325
"Stoplight Parrotfish","o200","Oxygen at 200m","U.S. Caribbean",2.952,0,3,16,2,21
"Stoplight Parrotfish","ph","Surface pH","Western Atlantic",3.992,1,0,0,362,363
"Stoplight Parrotfish","ph","Surface pH","Caribbean Sea",3.991,1,0,0,331,332
"Stoplight Parrotfish","ph","Surface pH","U.S. Caribbean",4,0,0,0,21,21
"Stoplight Parrotfish","pp","Primary production","Western Atlantic",1.135,314,49,0,0,363
"Stoplight Parrotfish","pp","Primary production","Caribbean Sea",1.148,283,49,0,0,332
"Stoplight Parrotfish","pp","Primary production","U.S. Caribbean",1,21,0,0,0,21
"Stoplight Parrotfish","precip","Precipitation","Western Atlantic",1.088,331,32,0,0,363
"Stoplight Parrotfish","precip","Precipitation","Caribbean Sea",1.096,300,32,0,0,332
"Stoplight Parrotfish","precip","Precipitation","U.S. Caribbean",1,21,0,0,0,21
"Stoplight Parrotfish","sso","Sea surface oxygen","Western Atlantic",3.945,2,6,2,353,363
"Stoplight Parrotfish","sso","Sea surface oxygen","Caribbean Sea",3.94,2,6,2,322,332
"Stoplight Parrotfish","sso","Sea surface oxygen","U.S. Caribbean",4,0,0,0,21,21
"Stoplight Parrotfish","sss","Sea surface salinity","Western Atlantic",3.612,4,43,43,273,363
"Stoplight Parrotfish","sss","Sea surface salinity","Caribbean Sea",3.59,4,43,38,247,332
"Stoplight Parrotfish","sss","Sea surface salinity","U.S. Caribbean",3.143,0,4,10,7,21
"Stoplight Parrotfish","sst","Sea surface temperature","Western Atlantic",3.997,0,0,1,362,363
"Stoplight Parrotfish","sst","Sea surface temperature","Caribbean Sea",3.997,0,0,1,331,332
"Stoplight Parrotfish","sst","Sea surface temperature","U.S. Caribbean",4,0,0,0,21,21
"Stoplight Parrotfish","swsm","Surface wind speed magnitude","Western Atlantic",1.215,287,75,0,1,363
"Stoplight Parrotfish","swsm","Surface wind speed magnitude","Caribbean Sea",1.232,257,74,0,1,332
"Stoplight Parrotfish","swsm","Surface wind speed magnitude","U.S. Caribbean",1,21,0,0,0,21
"White Mullet","bs","Bottom salinity","Western Atlantic",2.994,91,142,80,320,633
"White Mullet","bs","Bottom salinity","Caribbean Sea",3.196,41,68,61,228,398
"White Mullet","bs","Bottom salinity","U.S. Caribbean",2.238,0,16,5,0,21
"White Mullet","bt","Bottom temperature","Western Atlantic",3.642,2,88,75,553,718
"White Mullet","bt","Bottom temperature","Caribbean Sea",3.695,1,46,32,338,417
"White Mullet","bt","Bottom temperature","U.S. Caribbean",3.571,0,1,7,13,21
"White Mullet","chl","Chlorophyll-a concentration","Western Atlantic",1.414,415,251,9,4,679
"White Mullet","chl","Chlorophyll-a concentration","Caribbean Sea",1.45,236,166,3,4,409
"White Mullet","chl","Chlorophyll-a concentration","U.S. Caribbean",1.048,20,1,0,0,21
"White Mullet","mld","Mixed layer depth","Western Atlantic",1.079,660,57,0,0,717
"White Mullet","mld","Mixed layer depth","Caribbean Sea",1.031,404,13,0,0,417
"White Mullet","mld","Mixed layer depth","U.S. Caribbean",1,21,0,0,0,21
"White Mullet","msstg","Mean sea surface temperature gradient","Western Atlantic",1.515,328,233,4,20,585
"White Mullet","msstg","Mean sea surface temperature gradient","Caribbean Sea",1.487,220,139,2,13,374
"White Mullet","msstg","Mean sea surface temperature gradient","U.S. Caribbean",1.857,3,18,0,0,21
"White Mullet","o200","Oxygen at 200m","Western Atlantic",1.704,270,260,66,12,608
"White Mullet","o200","Oxygen at 200m","Caribbean Sea",1.826,153,163,63,11,390
"White Mullet","o200","Oxygen at 200m","U.S. Caribbean",2.952,0,3,16,2,21
"White Mullet","ph","Surface pH","Western Atlantic",3.98,2,4,0,704,710
"White Mullet","ph","Surface pH","Caribbean Sea",3.993,1,0,0,412,413
"White Mullet","ph","Surface pH","U.S. Caribbean",4,0,0,0,21,21
"White Mullet","pp","Primary production","Western Atlantic",1.187,589,117,2,4,712
"White Mullet","pp","Primary production","Caribbean Sea",1.154,355,58,0,2,415
"White Mullet","pp","Primary production","U.S. Caribbean",1,21,0,0,0,21
"White Mullet","precip","Precipitation","Western Atlantic",1.132,627,95,0,0,722
"White Mullet","precip","Precipitation","Caribbean Sea",1.11,371,46,0,0,417
"White Mullet","precip","Precipitation","U.S. Caribbean",1,21,0,0,0,21
"White Mullet","sso","Sea surface oxygen","Western Atlantic",3.671,14,58,76,564,712
"White Mullet","sso","Sea surface oxygen","Caribbean Sea",3.805,6,19,25,365,415
"White Mullet","sso","Sea surface oxygen","U.S. Caribbean",4,0,0,0,21,21
"White Mullet","sss","Sea surface salinity","Western Atlantic",2.865,133,172,71,341,717
"White Mullet","sss","Sea surface salinity","Caribbean Sea",3.302,32,74,47,264,417
"White Mullet","sss","Sea surface salinity","U.S. Caribbean",3.143,0,4,10,7,21
"White Mullet","sst","Sea surface temperature","Western Atlantic",3.954,0,2,29,691,722
"White Mullet","sst","Sea surface temperature","Caribbean Sea",3.993,0,0,3,414,417
"White Mullet","sst","Sea surface temperature","U.S. Caribbean",4,0,0,0,21,21
"White Mullet","swsm","Surface wind speed magnitude","Western Atlantic",1.199,584,135,0,3,722
"White Mullet","swsm","Surface wind speed magnitude","Caribbean Sea",1.228,324,92,0,1,417
"White Mullet","swsm","Surface wind speed magnitude","U.S. Caribbean",1,21,0,0,0,21
"Yellowfin Grouper","bs","Bottom salinity","Western Atlantic",3.308,24,88,62,274,448
"Yellowfin Grouper","bs","Bottom salinity","Caribbean Sea",3.359,13,65,56,217,351
"Yellowfin Grouper","bs","Bottom salinity","U.S. Caribbean",2.238,0,16,5,0,21
"Yellowfin Grouper","bt","Bottom temperature","Western Atlantic",3.876,0,17,23,419,459
"Yellowfin Grouper","bt","Bottom temperature","Caribbean Sea",3.852,0,17,18,317,352
"Yellowfin Grouper","bt","Bottom temperature","U.S. Caribbean",3.571,0,1,7,13,21
"Yellowfin Grouper","chl","Chlorophyll-a concentration","Western Atlantic",1.36,295,162,0,1,458
"Yellowfin Grouper","chl","Chlorophyll-a concentration","Caribbean Sea",1.384,219,132,0,1,352
"Yellowfin Grouper","chl","Chlorophyll-a concentration","U.S. Caribbean",1.048,20,1,0,0,21
"Yellowfin Grouper","mld","Mixed layer depth","Western Atlantic",1.046,438,21,0,0,459
"Yellowfin Grouper","mld","Mixed layer depth","Caribbean Sea",1.02,345,7,0,0,352
"Yellowfin Grouper","mld","Mixed layer depth","U.S. Caribbean",1,21,0,0,0,21
"Yellowfin Grouper","msstg","Mean sea surface temperature gradient","Western Atlantic",1.499,246,171,3,13,433
"Yellowfin Grouper","msstg","Mean sea surface temperature gradient","Caribbean Sea",1.488,195,131,2,10,338
"Yellowfin Grouper","msstg","Mean sea surface temperature gradient","U.S. Caribbean",1.857,3,18,0,0,21
"Yellowfin Grouper","o200","Oxygen at 200m","Western Atlantic",1.755,184,180,60,9,433
"Yellowfin Grouper","o200","Oxygen at 200m","Caribbean Sea",1.868,123,148,60,9,340
"Yellowfin Grouper","o200","Oxygen at 200m","U.S. Caribbean",2.952,0,3,16,2,21
"Yellowfin Grouper","ph","Surface pH","Western Atlantic",3.993,1,0,0,458,459
"Yellowfin Grouper","ph","Surface pH","Caribbean Sea",3.991,1,0,0,351,352
"Yellowfin Grouper","ph","Surface pH","U.S. Caribbean",4,0,0,0,21,21
"Yellowfin Grouper","pp","Primary production","Western Atlantic",1.142,394,65,0,0,459
"Yellowfin Grouper","pp","Primary production","Caribbean Sea",1.142,302,50,0,0,352
"Yellowfin Grouper","pp","Primary production","U.S. Caribbean",1,21,0,0,0,21
"Yellowfin Grouper","precip","Precipitation","Western Atlantic",1.124,403,57,0,0,460
"Yellowfin Grouper","precip","Precipitation","Caribbean Sea",1.125,308,44,0,0,352
"Yellowfin Grouper","precip","Precipitation","U.S. Caribbean",1,21,0,0,0,21
"Yellowfin Grouper","sso","Sea surface oxygen","Western Atlantic",3.935,2,9,6,442,459
"Yellowfin Grouper","sso","Sea surface oxygen","Caribbean Sea",3.943,2,6,2,342,352
"Yellowfin Grouper","sso","Sea surface oxygen","U.S. Caribbean",4,0,0,0,21,21
"Yellowfin Grouper","sss","Sea surface salinity","Western Atlantic",3.373,23,86,47,303,459
"Yellowfin Grouper","sss","Sea surface salinity","Caribbean Sea",3.543,4,54,41,253,352
"Yellowfin Grouper","sss","Sea surface salinity","U.S. Caribbean",3.143,0,4,10,7,21
"Yellowfin Grouper","sst","Sea surface temperature","Western Atlantic",3.998,0,0,1,459,460
"Yellowfin Grouper","sst","Sea surface temperature","Caribbean Sea",3.997,0,0,1,351,352
"Yellowfin Grouper","sst","Sea surface temperature","U.S. Caribbean",4,0,0,0,21,21
"Yellowfin Grouper","swsm","Surface wind speed magnitude","Western Atlantic",1.17,384,75,0,1,460
"Yellowfin Grouper","swsm","Surface wind speed magnitude","Caribbean Sea",1.216,278,73,0,1,352
"Yellowfin Grouper","swsm","Surface wind speed magnitude","U.S. Caribbean",1,21,0,0,0,21
"Yellowtail Snapper","bs","Bottom salinity","Western Atlantic",3.146,46,127,71,298,542
"Yellowtail Snapper","bs","Bottom salinity","Caribbean Sea",3.361,13,65,56,218,352
"Yellowtail Snapper","bs","Bottom salinity","U.S. Caribbean",2.238,0,16,5,0,21
"Yellowtail Snapper","bt","Bottom temperature","Western Atlantic",3.865,0,20,36,505,561
"Yellowtail Snapper","bt","Bottom temperature","Caribbean Sea",3.853,0,17,18,318,353
"Yellowtail Snapper","bt","Bottom temperature","U.S. Caribbean",3.571,0,1,7,13,21
"Yellowtail Snapper","chl","Chlorophyll-a concentration","Western Atlantic",1.359,357,191,2,1,551
"Yellowtail Snapper","chl","Chlorophyll-a concentration","Caribbean Sea",1.382,220,132,0,1,353
"Yellowtail Snapper","chl","Chlorophyll-a concentration","U.S. Caribbean",1.048,20,1,0,0,21
"Yellowtail Snapper","mld","Mixed layer depth","Western Atlantic",1.055,529,31,0,0,560
"Yellowtail Snapper","mld","Mixed layer depth","Caribbean Sea",1.02,346,7,0,0,353
"Yellowtail Snapper","mld","Mixed layer depth","U.S. Caribbean",1,21,0,0,0,21
"Yellowtail Snapper","msstg","Mean sea surface temperature gradient","Western Atlantic",1.524,278,216,4,15,513
"Yellowtail Snapper","msstg","Mean sea surface temperature gradient","Caribbean Sea",1.49,195,132,2,10,339
"Yellowtail Snapper","msstg","Mean sea surface temperature gradient","U.S. Caribbean",1.857,3,18,0,0,21
"Yellowtail Snapper","o200","Oxygen at 200m","Western Atlantic",1.724,215,213,60,9,497
"Yellowtail Snapper","o200","Oxygen at 200m","Caribbean Sea",1.865,124,148,60,9,341
"Yellowtail Snapper","o200","Oxygen at 200m","U.S. Caribbean",2.952,0,3,16,2,21
"Yellowtail Snapper","ph","Surface pH","Western Atlantic",3.98,1,4,0,554,559
"Yellowtail Snapper","ph","Surface pH","Caribbean Sea",3.992,1,0,0,352,353
"Yellowtail Snapper","ph","Surface pH","U.S. Caribbean",4,0,0,0,21,21
"Yellowtail Snapper","pp","Primary production","Western Atlantic",1.174,466,90,2,1,559
"Yellowtail Snapper","pp","Primary production","Caribbean Sea",1.142,303,50,0,0,353
"Yellowtail Snapper","pp","Primary production","U.S. Caribbean",1,21,0,0,0,21
"Yellowtail Snapper","precip","Precipitation","Western Atlantic",1.133,488,75,0,0,563
"Yellowtail Snapper","precip","Precipitation","Caribbean Sea",1.125,309,44,0,0,353
"Yellowtail Snapper","precip","Precipitation","U.S. Caribbean",1,21,0,0,0,21
"Yellowtail Snapper","sso","Sea surface oxygen","Western Atlantic",3.862,4,20,25,510,559
"Yellowtail Snapper","sso","Sea surface oxygen","Caribbean Sea",3.943,2,6,2,343,353
"Yellowtail Snapper","sso","Sea surface oxygen","U.S. Caribbean",4,0,0,0,21,21
"Yellowtail Snapper","sss","Sea surface salinity","Western Atlantic",3.135,69,111,56,325,561
"Yellowtail Snapper","sss","Sea surface salinity","Caribbean Sea",3.541,4,54,42,253,353
"Yellowtail Snapper","sss","Sea surface salinity","U.S. Caribbean",3.143,0,4,10,7,21
"Yellowtail Snapper","sst","Sea surface temperature","Western Atlantic",3.993,0,0,4,559,563
"Yellowtail Snapper","sst","Sea surface temperature","Caribbean Sea",3.997,0,0,1,352,353
"Yellowtail Snapper","sst","Sea surface temperature","U.S. Caribbean",4,0,0,0,21,21
"Yellowtail Snapper","swsm","Surface wind speed magnitude","Western Atlantic",1.163,473,89,0,1,563
"Yellowtail Snapper","swsm","Surface wind speed magnitude","Caribbean Sea",1.215,279,73,0,1,353
"Yellowtail Snapper","swsm","Surface wind speed magnitude","U.S. Caribbean",1,21,0,0,0,21
